Node,X,Y,Lon,Lat,geometry
1,690309.0,1976022.0,-87.63230386143123,42.0897820623203,POINT (-87.63230386143123 42.0897820623203)
2,683649.0,1973025.0,-87.6569263993041,42.08170580257636,POINT (-87.6569263993041 42.08170580257636)
3,693306.0,1963368.0,-87.62165196522578,42.0549917991055,POINT (-87.62165196522578 42.0549917991055)
4,686313.0,1958373.0,-87.64754734568177,42.04144252245903,POINT (-87.64754734568177 42.04144252245903)
5,696636.0,1946718.0,-87.60991057823117,42.00922770925759,POINT (-87.60991057823117 42.00922770925759)
6,671328.0,1968030.0,-87.70244682238139,42.06825835437052,POINT (-87.70244682238139 42.06825835437052)
7,676323.0,1957041.0,-87.68435938726937,42.03800163094438,POINT (-87.68435938726937 42.03800163094438)
8,655677.0,1967031.0,-87.76011035151565,42.06581990363232,POINT (-87.76011035151565 42.06581990363232)
9,649350.0,1952712.0,-87.78375004845975,42.026641807469304,POINT (-87.78375004845975 42.026641807469304)
10,665667.0,1949049.0,-87.7237940178192,42.01628660821027,POINT (-87.7237940178192 42.01628660821027)
11,666333.0,1933398.0,-87.72175556738894,41.97332622846058,POINT (-87.72175556738894 41.97332622846058)
12,676323.0,1935396.0,-87.68496413342844,41.97860696053505,POINT (-87.68496413342844 41.97860696053505)
13,677988.0,1924407.0,-87.67915021595701,41.948417741479865,POINT (-87.67915021595701 41.948417741479865)
14,679653.0,1945719.0,-87.67242432746134,42.00686373987665,POINT (-87.67242432746134 42.00686373987665)
15,688977.0,1936062.0,-87.63840889118103,41.98016183504771,POINT (-87.63840889118103 41.98016183504771)
16,692307.0,1925739.0,-87.62647631735629,41.951760384551626,POINT (-87.62647631735629 41.951760384551626)
17,700965.0,1935396.0,-87.59434330568273,41.97805861981706,POINT (-87.59434330568273 41.97805861981706)
18,702963.0,1927404.0,-87.58725218416333,41.95608097735385,POINT (-87.58725218416333 41.95608097735385)
19,704295.0,1919412.0,-87.58261331882476,41.93411890083395,POINT (-87.58261331882476 41.93411890083395)
20,678654.0,1912752.0,-87.67703076537867,41.91642162067219,POINT (-87.67703076537867 41.91642162067219)
21,691641.0,1917747.0,-87.62916630685162,41.92984510047611,POINT (-87.62916630685162 41.92984510047611)
22,705294.0,1911087.0,-87.57921161944617,41.91125087048151,POINT (-87.57921161944617 41.91125087048151)
23,693972.0,1906425.0,-87.62094681003573,41.89872408994893,POINT (-87.62094681003573 41.89872408994893)
24,679653.0,1904760.0,-87.67358674104828,41.89446986631311,POINT (-87.67358674104828 41.89446986631311)
25,664002.0,1893771.0,-87.73135241782992,41.86463105286425,POINT (-87.73135241782992 41.86463105286425)
26,680652.0,1891107.0,-87.670305810074,41.856983603017504,POINT (-87.670305810074 41.856983603017504)
27,694971.0,1889775.0,-87.61778831712661,41.853012599443225,POINT (-87.61778831712661 41.853012599443225)
28,707625.0,1900098.0,-87.57100778258173,41.88104016144004,POINT (-87.57100778258173 41.88104016144004)
29,710955.0,1884447.0,-87.55929948662975,41.83801136055146,POINT (-87.55929948662975 41.83801136055146)
30,680319.0,1878120.0,-87.67189596051438,41.82135289422036,POINT (-87.67189596051438 41.82135289422036)
31,696303.0,1873791.0,-87.61339212461014,41.80912059997403,POINT (-87.61339212461014 41.80912059997403)
32,689643.0,1861803.0,-87.63817596590107,41.77637487195951,POINT (-87.63817596590107 41.77637487195951)
33,705627.0,1851147.0,-87.57992303789199,41.74676377819417,POINT (-87.57992303789199 41.74676377819417)
34,705960.0,1865133.0,-87.57825207153057,41.7851346283165,POINT (-87.57825207153057 41.7851346283165)
35,722610.0,1876122.0,-87.5168239723264,41.814870836841735,POINT (-87.5168239723264 41.814870836841735)
36,723609.0,1856142.0,-87.51385944752813,41.760018810268654,POINT (-87.51385944752813 41.760018810268654)
37,625374.0,1965033.0,-87.8717462358199,42.06084124943713,POINT (-87.8717462358199 42.06084124943713)
38,550449.0,2013984.0,-88.14724031912077,42.19589363134729,POINT (-88.14724031912077 42.19589363134729)
39,590076.0,2021310.0,-88.00089910524144,42.215666225018495,POINT (-88.00089910524144 42.215666225018495)
40,573426.0,2021310.0,-88.062362139114,42.21582786239634,POINT (-88.062362139114 42.21582786239634)
41,590076.0,2005326.0,-88.0011277895031,42.17180522550191,POINT (-88.0011277895031 42.17180522550191)
42,573759.0,2005326.0,-88.06131989290549,42.171963652049804,POINT (-88.06131989290549 42.171963652049804)
43,622377.0,2020977.0,-87.88168955922771,42.21439913619851,POINT (-87.88168955922771 42.21439913619851)
44,606060.0,2021310.0,-87.94191540281108,42.215534714418574,POINT (-87.94191540281108 42.215534714418574)
45,622377.0,2005326.0,-87.88199615364921,42.17145220137315,POINT (-87.88199615364921 42.17145220137315)
46,605727.0,2004660.0,-87.94342655357497,42.16985032639766,POINT (-87.94342655357497 42.16985032639766)
47,654345.0,2021310.0,-87.76367892752486,42.214786643336176,POINT (-87.76367892752486 42.214786643336176)
48,638361.0,2021310.0,-87.82268058658927,42.21506494324545,POINT (-87.82268058658927 42.21506494324545)
49,654012.0,2005326.0,-87.76530194767481,42.17093283855368,POINT (-87.76530194767481 42.17093283855368)
50,638361.0,2005326.0,-87.82303448861128,42.171204619825595,POINT (-87.82303448861128 42.171204619825595)
51,667998.0,2020311.0,-87.71330923842748,42.21178368846309,POINT (-87.71330923842748 42.21178368846309)
52,683982.0,2001330.0,-87.65487007772995,42.15936652856453,POINT (-87.65487007772995 42.15936652856453)
53,670329.0,2004660.0,-87.70513171528289,42.16879107723577,POINT (-87.70513171528289 42.16879107723577)
54,551448.0,1990341.0,-88.14374572079019,42.131008576224374,POINT (-88.14374572079019 42.131008576224374)
55,534798.0,1989675.0,-88.20513099039293,42.12926584991187,POINT (-88.20513099039293 42.12926584991187)
56,551448.0,1976022.0,-88.14386172826835,42.091715287204366,POINT (-88.14386172826835 42.091715287204366)
57,534798.0,1976022.0,-88.20520543360038,42.091799987984146,POINT (-88.20520543360038 42.091799987984146)
58,582750.0,1991340.0,-88.0283361004232,42.133501483732296,POINT (-88.0283361004232 42.133501483732296)
59,567099.0,1990674.0,-88.08604373934139,42.1318126495865,POINT (-88.08604373934139 42.1318126495865)
60,582750.0,1977687.0,-88.02851473379435,42.09603623380075,POINT (-88.02851473379435 42.09603623380075)
61,567099.0,1977021.0,-88.08618835916629,42.09434715859071,POINT (-88.08618835916629 42.09434715859071)
62,613386.0,1991673.0,-87.91540974743634,42.1341133764208,POINT (-87.91540974743634 42.1341133764208)
63,598068.0,1991340.0,-87.97188756562885,42.133391841620416,POINT (-87.97188756562885 42.133391841620416)
64,613386.0,1978020.0,-87.91565662370671,42.09664835316934,POINT (-87.91565662370671 42.09664835316934)
65,598401.0,1977687.0,-87.97087425227097,42.09592268803301,POINT (-87.97087425227097 42.09592268803301)
66,644688.0,1992006.0,-87.80000343434799,42.13454785557428,POINT (-87.80000343434799 42.13454785557428)
67,629037.0,1992006.0,-87.85770322836767,42.134802012097964,POINT (-87.85770322836767 42.134802012097964)
68,644688.0,1979352.0,-87.8002952472304,42.099824762014755,POINT (-87.8002952472304 42.099824762014755)
69,629370.0,1979019.0,-87.85674342415965,42.09915974000272,POINT (-87.85674342415965 42.09915974000272)
70,677655.0,1991673.0,-87.67847766595483,42.13300384420451,POINT (-87.67847766595483 42.13300384420451)
71,660672.0,1992339.0,-87.74106826072229,42.13517209957213,POINT (-87.74106826072229 42.13517209957213)
72,676989.0,1981350.0,-87.6812239477974,42.1046917281057,POINT (-87.6812239477974 42.1046917281057)
73,661005.0,1981350.0,-87.74012258178414,42.10501180365047,POINT (-87.74012258178414 42.10501180365047)
74,687978.0,1992006.0,-87.64041259491017,42.13369376596187,POINT (-87.64041259491017 42.13369376596187)
75,687978.0,1984347.0,-87.64064200586972,42.11267780056242,POINT (-87.64064200586972 42.11267780056242)
76,635697.0,1963035.0,-87.83377605569989,42.05519907852933,POINT (-87.83377605569989 42.05519907852933)
77,629037.0,1946718.0,-87.85863292715378,42.010527826744124,POINT (-87.85863292715378 42.010527826744124)
78,645021.0,1945053.0,-87.79985859277615,42.00570013998316,POINT (-87.79985859277615 42.00570013998316)
79,650016.0,1958706.0,-87.78115618312135,42.043077991065196,POINT (-87.78115618312135 42.043077991065196)
80,646020.0,1930401.0,-87.79652183410792,41.96547638109785,POINT (-87.79652183410792 41.96547638109785)
81,629370.0,1930068.0,-87.85774884582315,41.96483302778802,POINT (-87.85774884582315 41.96483302778802)
82,646020.0,1914750.0,-87.79688290230247,41.92252811724624,POINT (-87.79688290230247 41.92252811724624)
83,630369.0,1913751.0,-87.85441181945323,41.920041465403976,POINT (-87.85441181945323 41.920041465403976)
84,657342.0,1930734.0,-87.75488431519598,41.96618761727577,POINT (-87.75488431519598 41.96618761727577)
85,663003.0,1914750.0,-87.73448110164782,41.922219094142335,POINT (-87.73448110164782 41.922219094142335)
86,647019.0,1898433.0,-87.79359028736043,41.87773471060834,POINT (-87.79359028736043 41.87773471060834)
87,631035.0,1897767.0,-87.85229491825868,41.87616843124272,POINT (-87.85229491825868 41.87616843124272)
88,647019.0,1882116.0,-87.79396753189249,41.83295818696276,POINT (-87.79396753189249 41.83295818696276)
89,631035.0,1881450.0,-87.85263121868432,41.831391490265545,POINT (-87.85263121868432 41.831391490265545)
90,662337.0,1902762.0,-87.73723497233378,41.889335426007214,POINT (-87.73723497233378 41.889335426007214)
91,663003.0,1882116.0,-87.73531837851903,41.83266730175178,POINT (-87.73531837851903 41.83266730175178)
92,608058.0,1847151.0,-87.9375209680058,41.737588933385844,POINT (-87.9375209680058 41.737588933385844)
93,647685.0,1866132.0,-87.79189434941509,41.789083621802206,POINT (-87.79189434941509 41.789083621802206)
94,631701.0,1865466.0,-87.85051804946072,41.78751776385078,POINT (-87.85051804946072 41.78751776385078)
95,648018.0,1849482.0,-87.79105929242192,41.743386812723806,POINT (-87.79105929242192 41.743386812723806)
96,632367.0,1849482.0,-87.84840747187917,41.74364366267643,POINT (-87.84840747187917 41.74364366267643)
97,679320.0,1869129.0,-87.67581375390355,41.796701519712535,POINT (-87.67581375390355 41.796701519712535)
98,663669.0,1866465.0,-87.7332766797541,41.78970573777909,POINT (-87.7332766797541 41.78970573777909)
99,680652.0,1847151.0,-87.67155064986794,41.73636255356694,POINT (-87.67155064986794 41.73636255356694)
100,664002.0,1850148.0,-87.73247466481726,41.74492259068025,POINT (-87.73247466481726 41.74492259068025)
101,694305.0,1846152.0,-87.62156108069614,41.73332173757725,POINT (-87.62156108069614 41.73332173757725)
102,648351.0,1833165.0,-87.79021732001581,41.69860339763154,POINT (-87.79021732001581 41.69860339763154)
103,633033.0,1832832.0,-87.84631327070484,41.697941447401384,POINT (-87.84631327070484 41.697941447401384)
104,649350.0,1817181.0,-87.78693148503152,41.654721915903785,POINT (-87.78693148503152 41.654721915903785)
105,632700.0,1816848.0,-87.84786331548655,41.6540820963915,POINT (-87.84786331548655 41.6540820963915)
106,681318.0,1834164.0,-87.66947826388876,41.70070987785095,POINT (-87.66947826388876 41.70070987785095)
107,664668.0,1834164.0,-87.73044544293623,41.70104644131718,POINT (-87.73044544293623 41.70104644131718)
108,681651.0,1817847.0,-87.66872075652165,41.65592585783896,POINT (-87.66872075652165 41.65592585783896)
109,665334.0,1817181.0,-87.72844433754558,41.65442847225142,POINT (-87.72844433754558 41.65442847225142)
110,714285.0,1834164.0,-87.54876665657311,41.69994807329381,POINT (-87.54876665657311 41.69994807329381)
111,697968.0,1834830.0,-87.60849166262946,41.70216857550684,POINT (-87.60849166262946 41.70216857550684)
112,714618.0,1817514.0,-87.54810394077089,41.654250160325226,POINT (-87.54810394077089 41.654250160325226)
113,698301.0,1817514.0,-87.60780725208505,41.65464307294741,POINT (-87.60780725208505 41.65464307294741)
114,726939.0,1834164.0,-87.50243420093766,41.69962199364935,POINT (-87.50243420093766 41.69962199364935)
115,727272.0,1817847.0,-87.50179248169833,41.65483788914428,POINT (-87.50179248169833 41.65483788914428)
116,681984.0,1801197.0,-87.66797339384807,41.61022773523738,POINT (-87.66797339384807 41.61022773523738)
117,666333.0,1801197.0,-87.7252023201064,41.61054523954609,POINT (-87.7252023201064 41.61054523954609)
118,682650.0,1784880.0,-87.6660004586373,41.565436016254054,POINT (-87.6660004586373 41.565436016254054)
119,666666.0,1784880.0,-87.72440660444921,41.56576070301773,POINT (-87.72440660444921 41.56576070301773)
120,714618.0,1801197.0,-87.54864821025927,41.60947408445975,POINT (-87.54864821025927 41.60947408445975)
121,698301.0,1801197.0,-87.60831023265136,41.609866389511595,POINT (-87.60831023265136 41.609866389511595)
122,714951.0,1785213.0,-87.54796340835146,41.56560314411698,POINT (-87.54796340835146 41.56560314411698)
123,698634.0,1785213.0,-87.60758505909706,41.56599548516912,POINT (-87.60758505909706 41.56599548516912)
124,727605.0,1794537.0,-87.50139817599178,41.59086387497923,POINT (-87.50139817599178 41.59086387497923)
125,550782.0,1960371.0,-88.14644034825784,42.048770504913485,POINT (-88.14644034825784 42.048770504913485)
126,535131.0,1959372.0,-88.20407002748333,42.04610820696787,POINT (-88.20407002748333 42.04610820696787)
127,551448.0,1944054.0,-88.14411988047395,42.003989748158745,POINT (-88.14411988047395 42.003989748158745)
128,534798.0,1943055.0,-88.20538459575951,42.00133261425808,POINT (-88.20538459575951 42.00133261425808)
129,582084.0,1960704.0,-88.03118855258963,42.04943924183888,POINT (-88.03118855258963 42.04943924183888)
130,567099.0,1960038.0,-88.08636786598957,42.04774339564973,POINT (-88.08636786598957 42.04774339564973)
131,582750.0,1945386.0,-88.02893599665363,42.00739794330376,POINT (-88.02893599665363 42.00739794330376)
132,567099.0,1944387.0,-88.0865329157393,42.00479448890684,POINT (-88.0865329157393 42.00479448890684)
133,610056.0,1961703.0,-87.92821186244974,42.05191679613495,POINT (-87.92821186244974 42.05191679613495)
134,598068.0,1961703.0,-87.97235080537203,42.052064472072466,POINT (-87.97235080537203 42.052064472072466)
135,613386.0,1945386.0,-87.91624494079751,42.00709681979077,POINT (-87.91624494079751 42.00709681979077)
136,597402.0,1945053.0,-87.97506067878675,42.006382124515724,POINT (-87.97506067878675 42.006382124515724)
137,550782.0,1927071.0,-88.14670512980285,41.957388757949225,POINT (-88.14670512980285 41.957388757949225)
138,534798.0,1927071.0,-88.20547116989059,41.95746895778564,POINT (-88.20547116989059 41.95746895778564)
139,550449.0,1911753.0,-88.14804999866885,41.915354509735806,POINT (-88.14804999866885 41.915354509735806)
140,535131.0,1911087.0,-88.20433409345685,41.9136035939022,POINT (-88.20433409345685 41.9136035939022)
141,582417.0,1928736.0,-88.03037674239862,41.96171045564874,POINT (-88.03037674239862 41.96171045564874)
142,567099.0,1928070.0,-88.08670459263486,41.96001733515143,POINT (-88.08670459263486 41.96001733515143)
143,582417.0,1912752.0,-88.03058315453605,41.91784695122009,POINT (-88.03058315453605 41.91784695122009)
144,567099.0,1911753.0,-88.08687587620611,41.91523979251874,POINT (-88.08687587620611 41.91523979251874)
145,613386.0,1929735.0,-87.91652610871279,41.96414813302694,POINT (-87.91652610871279 41.96414813302694)
146,598401.0,1928736.0,-87.97163954222232,41.961593969987426,POINT (-87.97163954222232 41.961593969987426)
147,614385.0,1913085.0,-87.9131539925815,41.91844427732265,POINT (-87.9131539925815 41.91844427732265)
148,598068.0,1912752.0,-87.97311178383399,41.9177346953323,POINT (-87.97311178383399 41.9177346953323)
149,550782.0,1895103.0,-88.14695815521752,41.86966063337267,POINT (-88.14695815521752 41.86966063337267)
150,534465.0,1895103.0,-88.2068663524494,41.869741961782175,POINT (-88.2068663524494 41.869741961782175)
151,551115.0,1879119.0,-88.14586246451393,41.82579407837874,POINT (-88.14586246451393 41.82579407837874)
152,534798.0,1878453.0,-88.20573330319633,41.82404823009717,POINT (-88.20573330319633 41.82404823009717)
153,582750.0,1895769.0,-88.02957932930886,41.87123838271318,POINT (-88.02957932930886 41.87123838271318)
154,567099.0,1895769.0,-88.08704328502962,41.87137573326204,POINT (-88.08704328502962 41.87137573326204)
155,583083.0,1880118.0,-88.02855951932438,41.82828479110422,POINT (-88.02855951932438 41.82828479110422)
156,567432.0,1879119.0,-88.08599550002495,41.82568102376687,POINT (-88.08599550002495 41.82568102376687)
157,614385.0,1896435.0,-87.9134542890979,41.87275347918731,POINT (-87.9134542890979 41.87275347918731)
158,598734.0,1896435.0,-87.97091889358778,41.87294968694312,POINT (-87.97091889358778 41.87294968694312)
159,615051.0,1881450.0,-87.91128024471537,41.83162247002465,POINT (-87.91128024471537 41.83162247002465)
160,599067.0,1880784.0,-87.96994028753431,41.829995842984715,POINT (-87.96994028753431 41.829995842984715)
161,606726.0,1864800.0,-87.94210606713479,41.78603926233811,POINT (-87.94210606713479 41.78603926233811)
162,453879.0,2013651.0,-88.50361477427828,42.1950040706022,POINT (-88.50361477427828 42.1950040706022)
163,485847.0,2013651.0,-88.38564374258225,42.19511863638349,POINT (-88.38564374258225 42.19511863638349)
164,525807.0,2021310.0,-88.2381485627568,42.21610837382663,POINT (-88.2381485627568 42.21610837382663)
165,509823.0,2021976.0,-88.29715284603913,42.217969674967264,POINT (-88.29715284603913 42.217969674967264)
166,526140.0,2005659.0,-88.23698333823658,42.1731592385221,POINT (-88.23698333823658 42.1731592385221)
167,509490.0,2005326.0,-88.29840603259238,42.17228052397822,POINT (-88.29840603259238 42.17228052397822)
168,448551.0,1982349.0,-88.52301745691518,42.10907691360938,POINT (-88.52301745691518 42.10907691360938)
169,479520.0,1982349.0,-88.40888752665593,42.109208731287325,POINT (-88.40888752665593 42.109208731287325)
170,518814.0,1989675.0,-88.26405576695117,42.12931644901122,POINT (-88.26405576695117 42.12931644901122)
171,503163.0,1989009.0,-88.3217530165424,42.12750913344326,POINT (-88.3217530165424 42.12750913344326)
172,518481.0,1975356.0,-88.26532426933976,42.090023605542086,POINT (-88.26532426933976 42.090023605542086)
173,503163.0,1975356.0,-88.32175877049133,42.09004314485486,POINT (-88.32175877049133 42.09004314485486)
174,448884.0,1950714.0,-88.5215310981385,42.02226748021138,POINT (-88.5215310981385 42.02226748021138)
175,479520.0,1951380.0,-88.40878438427704,42.02422438552635,POINT (-88.40878438427704 42.02422438552635)
176,519480.0,1958706.0,-88.26169386187763,42.04433082053983,POINT (-88.26169386187763 42.04433082053983)
177,503163.0,1959039.0,-88.3217656300548,42.04526639388222,POINT (-88.3217656300548 42.04526639388222)
178,518814.0,1943055.0,-88.26419111131855,42.00138287192351,POINT (-88.26419111131855 42.00138287192351)
179,503496.0,1942056.0,-88.32054767142554,41.99866150945816,POINT (-88.32054767142554 41.99866150945816)
180,448551.0,1918413.0,-88.52249175214537,41.933624594179236,POINT (-88.52249175214537 41.933624594179236)
181,479853.0,1919412.0,-88.4074546375917,41.93649780555531,POINT (-88.4074546375917 41.93649780555531)
182,518814.0,1926738.0,-88.26423829238776,41.95660531413816,POINT (-88.26423829238776 41.95660531413816)
183,503496.0,1926072.0,-88.3205552517985,41.954797719077014,POINT (-88.3205552517985 41.954797719077014)
184,519147.0,1910754.0,-88.26306096876021,41.912740494996136,POINT (-88.26306096876021 41.912740494996136)
185,502830.0,1910421.0,-88.32300949495624,41.91184767339286,POINT (-88.32300949495624 41.91184767339286)
186,448551.0,1886445.0,-88.52223085695628,41.84589601539878,POINT (-88.52223085695628 41.84589601539878)
187,480186.0,1887444.0,-88.40612875477068,41.84876974877175,POINT (-88.40612875477068 41.84876974877175)
188,519147.0,1894437.0,-88.26310878699614,41.8679622332488,POINT (-88.26310878699614 41.8679622332488)
189,503829.0,1894104.0,-88.31934778754825,41.86706897643068,POINT (-88.31934778754825 41.86706897643068)
190,519147.0,1878453.0,-88.26315552152285,41.82409747002883,POINT (-88.26315552152285 41.82409747002883)
191,503829.0,1877454.0,-88.31935649127074,41.82137645863782,POINT (-88.31935649127074 41.82137645863782)
192,554778.0,2142189.0,-88.13014154414563,42.5476631524435,POINT (-88.13014154414563 42.5476631524435)
193,589410.0,2148849.0,-88.00152564542962,42.565638590920905,POINT (-88.00152564542962 42.565638590920905)
194,572760.0,2148183.0,-88.06333934518425,42.56397300069709,POINT (-88.06333934518425 42.56397300069709)
195,589743.0,2134197.0,-88.00050288067816,42.525430839901304,POINT (-88.00050288067816 42.525430839901304)
196,574092.0,2133864.0,-88.05856718471883,42.524670672820776,POINT (-88.05856718471883 42.524670672820776)
197,614385.0,2141856.0,-87.90895604294735,42.54619857670034,POINT (-87.90895604294735 42.54619857670034)
198,643023.0,2148516.0,-87.80253173808909,42.564028888431295,POINT (-87.80253173808909 42.564028888431295)
199,642690.0,2133864.0,-87.80410825284889,42.52383191956123,POINT (-87.80410825284889 42.52383191956123)
200,555777.0,2110554.0,-88.12671930706736,42.46085119033918,POINT (-88.12671930706736 42.46085119033918)
201,590076.0,2117547.0,-87.99951939783544,42.479795802627784,POINT (-87.99951939783544 42.479795802627784)
202,573426.0,2117547.0,-88.06123150155837,42.47990339158708,POINT (-88.06123150155837 42.47990339158708)
203,590076.0,2102229.0,-87.99974343185781,42.43776401091531,POINT (-87.99974343185781 42.43776401091531)
204,573426.0,2101896.0,-88.06141644061108,42.43695766635178,POINT (-88.06141644061108 42.43695766635178)
205,623043.0,2116881.0,-87.87732774969707,42.47754639993728,POINT (-87.87732774969707 42.47754639993728)
206,606393.0,2117547.0,-87.93903379108855,42.47960323661799,POINT (-87.93903379108855 42.47960323661799)
207,622377.0,2101896.0,-87.88009388677972,42.43643872658058,POINT (-87.88009388677972 42.43643872658058)
208,605727.0,2102229.0,-87.94176539954175,42.43758019349033,POINT (-87.94176539954175 42.43758019349033)
209,643023.0,2117880.0,-87.80324452018537,42.47996839433308,POINT (-87.80324452018537 42.47996839433308)
210,640359.0,2102229.0,-87.81347577886184,42.43706921675081,POINT (-87.81347577886184 42.43706921675081)
211,555111.0,2078253.0,-88.12947256369169,42.372221979446785,POINT (-88.12947256369169 42.372221979446785)
212,589743.0,2085912.0,-88.00120156282405,42.392938956292205,POINT (-88.00120156282405 42.392938956292205)
213,573759.0,2085912.0,-88.06037216919988,42.3930949400225,POINT (-88.06037216919988 42.3930949400225)
214,589743.0,2068929.0,-88.00144606714318,42.346337736831174,POINT (-88.00144606714318 42.346337736831174)
215,573759.0,2069928.0,-88.06056106004812,42.349234801022824,POINT (-88.06056106004812 42.349234801022824)
216,622044.0,2085579.0,-87.88164975427017,42.39167088851688,POINT (-87.88164975427017 42.39167088851688)
217,606060.0,2085246.0,-87.9408235006947,42.390975438938064,POINT (-87.9408235006947 42.390975438938064)
218,622377.0,2070594.0,-87.8807132879186,42.350547911112514,POINT (-87.8807132879186 42.350547911112514)
219,605727.0,2069595.0,-87.94232352031844,42.34803373754299,POINT (-87.94232352031844 42.34803373754299)
220,638361.0,2085579.0,-87.8212497760361,42.39141655488961,POINT (-87.8212497760361 42.39141655488961)
221,640359.0,2068929.0,-87.81423119416051,42.34569686552843,POINT (-87.81423119416051 42.34569686552843)
222,555111.0,2046285.0,-88.12975347991006,42.28450073600808,POINT (-88.12975347991006 42.28450073600808)
223,589410.0,2053611.0,-88.0028970828388,42.30430848681374,POINT (-88.0028970828388 42.30430848681374)
224,573759.0,2053944.0,-88.0607495272244,42.30537432123518,POINT (-88.0607495272244 42.30537432123518)
225,590076.0,2037960.0,-88.00066028761351,42.26135448967826,POINT (-88.00066028761351 42.26135448967826)
226,573759.0,2036961.0,-88.06094931061324,42.25877218810978,POINT (-88.06094931061324 42.25877218810978)
227,622710.0,2053611.0,-87.87981725320488,42.303942151814724,POINT (-87.87981725320488 42.303942151814724)
228,606060.0,2053944.0,-87.94135929564037,42.30508326908117,POINT (-87.94135929564037 42.30508326908117)
229,622377.0,2038293.0,-87.88134958638396,42.261914514678764,POINT (-87.88134958638396 42.261914514678764)
230,606060.0,2038293.0,-87.94162629212126,42.26213668640852,POINT (-87.94162629212126 42.26213668640852)
231,642357.0,2052945.0,-87.80720716908695,42.30180390340186,POINT (-87.80720716908695 42.30180390340186)
232,654345.0,2038293.0,-87.76325863670186,42.2613874163945,POINT (-87.76325863670186 42.2613874163945)
233,638361.0,2037294.0,-87.82232590945284,42.25892492575015,POINT (-87.82232590945284 42.25892492575015)
234,421245.0,2141856.0,-88.62567917193253,42.54655473484707,POINT (-88.62567917193253 42.54655473484707)
235,453546.0,2141523.0,-88.50581090014937,42.54588502347326,POINT (-88.50581090014937 42.54588502347326)
236,485181.0,2140857.0,-88.38841489590418,42.54417423050007,POINT (-88.38841489590418 42.54417423050007)
237,517815.0,2141190.0,-88.26731548923325,42.54508226992004,POINT (-88.26731548923325 42.54508226992004)
238,539127.0,2142189.0,-88.18822290080269,42.547751044764325,POINT (-88.18822290080269 42.547751044764325)
239,421245.0,2110554.0,-88.62527801269273,42.46066452332175,POINT (-88.62527801269273 42.46066452332175)
240,453213.0,2110554.0,-88.50681017848676,42.460905767000376,POINT (-88.50681017848676 42.460905767000376)
241,485181.0,2110554.0,-88.38834082629634,42.46102379030828,POINT (-88.38834082629634 42.46102379030828)
242,525807.0,2117214.0,-88.23775815927388,42.479271951366854,POINT (-88.23775815927388 42.479271951366854)
243,509823.0,2117547.0,-88.29700987999719,42.48021977505031,POINT (-88.29700987999719 42.48021977505031)
244,525807.0,2102229.0,-88.23781950957283,42.43815346654924,POINT (-88.23781950957283 42.43815346654924)
245,509823.0,2101896.0,-88.29703342308271,42.43727374320642,POINT (-88.29703342308271 42.43727374320642)
246,539127.0,2110554.0,-88.18842261489617,42.460945540352206,POINT (-88.18842261489617 42.460945540352206)
247,421578.0,2078919.0,-88.62364084003083,42.37386239354716,POINT (-88.62364084003083 42.37386239354716)
248,453213.0,2078586.0,-88.5065656632873,42.37318578504306,POINT (-88.5065656632873 42.37318578504306)
249,485514.0,2078253.0,-88.38702832416998,42.37239035627055,POINT (-88.38702832416998 42.37239035627055)
250,525807.0,2085912.0,-88.23788616427659,42.39337966492539,POINT (-88.23788616427659 42.39337966492539)
251,509157.0,2085246.0,-88.29952380267554,42.39158687055507,POINT (-88.29952380267554 42.39158687055507)
252,526140.0,2069928.0,-88.23671942432671,42.34951824108775,POINT (-88.23671942432671 42.34951824108775)
253,509490.0,2068596.0,-88.29831513674424,42.34589850316988,POINT (-88.29831513674424 42.34589850316988)
254,539127.0,2078919.0,-88.18862004879429,42.37413927569443,POINT (-88.18862004879429 42.37413927569443)
255,421245.0,2046951.0,-88.62446587381076,42.286138900358736,POINT (-88.62446587381076 42.286138900358736)
256,453546.0,2046951.0,-88.50509410802646,42.28638006237725,POINT (-88.50509410802646 42.28638006237725)
257,485514.0,2046951.0,-88.38695263161725,42.286496269279006,POINT (-88.38695263161725 42.286496269279006)
258,525474.0,2053611.0,-88.2392486659069,42.30474578204282,POINT (-88.2392486659069 42.30474578204282)
259,509823.0,2053278.0,-88.29710621087602,42.30386483822752,POINT (-88.29710621087602 42.30386483822752)
260,525807.0,2036961.0,-88.238085200684,42.259056131339804,POINT (-88.238085200684 42.259056131339804)
261,509490.0,2036961.0,-88.29836063254078,42.2590902907364,POINT (-88.29836063254078 42.2590902907364)
262,539127.0,2046285.0,-88.18882279360676,42.284590362950716,POINT (-88.18882279360676 42.284590362950716)
263,551115.0,1862802.0,-88.14599173825466,41.78101531245232,POINT (-88.14599173825466 41.78101531245232)
264,535131.0,1862802.0,-88.20459637454876,41.78109569571564,POINT (-88.20459637454876 41.78109569571564)
265,551115.0,1846485.0,-88.14612074125125,41.736236113661754,POINT (-88.14612074125125 41.736236113661754)
266,535464.0,1846485.0,-88.20346457061535,41.736315015351934,POINT (-88.20346457061535 41.736315015351934)
267,583749.0,1864134.0,-88.02632392433372,41.78441410041267,POINT (-88.02632392433372 41.78441410041267)
268,567099.0,1863135.0,-88.08738357327525,41.78181918890582,POINT (-88.08738357327525 41.78181918890582)
269,584082.0,1847484.0,-88.02532023644861,41.738718220233814,POINT (-88.02532023644861 41.738718220233814)
270,568098.0,1847151.0,-88.0838894730323,41.73794615654344,POINT (-88.0838894730323 41.73794615654344)
271,551781.0,1830501.0,-88.14380837857384,41.69236627338244,POINT (-88.14380837857384 41.69236627338244)
272,536130.0,1829502.0,-88.2011188276365,41.68970464258028,POINT (-88.2011188276365 41.68970464258028)
273,551781.0,1814184.0,-88.14393854137676,41.64758620283062,POINT (-88.14393854137676 41.64758620283062)
274,536796.0,1814184.0,-88.19876697780197,41.6476632694485,POINT (-88.19876697780197 41.6476632694485)
275,584748.0,1831500.0,-88.02308985911387,41.694846174338174,POINT (-88.02308985911387 41.694846174338174)
276,568431.0,1831167.0,-88.08283862815259,41.694077798742924,POINT (-88.08283862815259 41.694077798742924)
277,584748.0,1815516.0,-88.02329924348298,41.650980344094094,POINT (-88.02329924348298 41.650980344094094)
278,568764.0,1814850.0,-88.08179259225123,41.64929521588421,POINT (-88.08179259225123 41.64929521588421)
279,616383.0,1832832.0,-87.90727951026392,41.69818418691798,POINT (-87.90727951026392 41.69818418691798)
280,600732.0,1832499.0,-87.96459365285965,41.69746901943626,POINT (-87.96459365285965 41.69746901943626)
281,616716.0,1816182.0,-87.90636329383064,41.65248706791772,POINT (-87.90636329383064 41.65248706791772)
282,600732.0,1815516.0,-87.96486060012168,41.65086225302461,POINT (-87.96486060012168 41.65086225302461)
283,553113.0,1798200.0,-88.13919542968368,41.60371156367248,POINT (-88.13919542968368 41.60371156367248)
284,537129.0,1797534.0,-88.1976432982359,41.60196741191346,POINT (-88.1976432982359 41.60196741191346)
285,553446.0,1782549.0,-88.13810616751681,41.56075654170317,POINT (-88.13810616751681 41.56075654170317)
286,537129.0,1781883.0,-88.1977321451475,41.55901431245501,POINT (-88.1977321451475 41.55901431245501)
287,585081.0,1799532.0,-88.02229052662588,41.60711089028875,POINT (-88.02229052662588 41.60711089028875)
288,569097.0,1798200.0,-88.08075138816731,41.603598386608326,POINT (-88.08075138816731 41.603598386608326)
289,585747.0,1782882.0,-88.02007495667,41.56141001063932,POINT (-88.02007495667 41.56141001063932)
290,569763.0,1782882.0,-88.07848050318256,41.561554073257625,POINT (-88.07848050318256 41.561554073257625)
291,617049.0,1800531.0,-87.90542990004629,41.6095312311776,POINT (-87.90542990004629 41.6095312311776)
292,601731.0,1799865.0,-87.96145312087374,41.60789884977374,POINT (-87.96145312087374 41.60789884977374)
293,617715.0,1784214.0,-87.90329284859392,41.56474277770159,POINT (-87.90329284859392 41.56474277770159)
294,601731.0,1783881.0,-87.96170575717781,41.56403305487015,POINT (-87.96170575717781 41.56403305487015)
295,649683.0,1800864.0,-87.78609283535036,41.609937894024796,POINT (-87.78609283535036 41.609937894024796)
296,633699.0,1800864.0,-87.84454029495562,41.61020179328487,POINT (-87.84454029495562 41.61020179328487)
297,650682.0,1784880.0,-87.7828136559603,41.56605572469357,POINT (-87.7828136559603 41.56605572469357)
298,633699.0,1784880.0,-87.84487204280859,41.56633667964275,POINT (-87.84487204280859 41.56633667964275)
299,546453.0,1758906.0,-88.16382638724235,41.49590990199781,POINT (-88.16382638724235 41.49590990199781)
300,578088.0,1760238.0,-88.04833214347221,41.499337785088954,POINT (-88.04833214347221 41.499337785088954)
301,611055.0,1760571.0,-87.92803607249398,41.4999462692331,POINT (-87.92803607249398 41.4999462692331)
302,643689.0,1760904.0,-87.80890029682882,41.50037752382574,POINT (-87.80890029682882 41.50037752382574)
303,675657.0,1761570.0,-87.69218649804357,41.5016128126508,POINT (-87.69218649804357 41.5016128126508)
304,714951.0,1768896.0,-87.54850604669709,41.52082637601179,POINT (-87.54850604669709 41.52082637601179)
305,699300.0,1769229.0,-87.6056444733182,41.522116551196774,POINT (-87.6056444733182 41.522116551196774)
306,715284.0,1753578.0,-87.54779918402815,41.478782414449185,POINT (-87.54779918402815 41.478782414449185)
307,698967.0,1753578.0,-87.60734121883668,41.47917420747541,POINT (-87.60734121883668 41.47917420747541)
308,727938.0,1762236.0,-87.50132007684063,41.502216408472066,POINT (-87.50132007684063 41.502216408472066)
309,547452.0,1726938.0,-88.16041162427864,41.408168639800124,POINT (-88.16041162427864 41.408168639800124)
310,579087.0,1727937.0,-88.04507653262687,41.41067947118477,POINT (-88.04507653262687 41.41067947118477)
311,611721.0,1728936.0,-87.92615021414592,41.41311832849494,POINT (-87.92615021414592 41.41311832849494)
312,644022.0,1729935.0,-87.80837232066119,41.41538183953057,POINT (-87.80837232066119 41.41538183953057)
313,676656.0,1730268.0,-87.6893917590971,41.415690217827965,POINT (-87.6893917590971 41.415690217827965)
314,707958.0,1730268.0,-87.57527848141976,41.41499384656641,POINT (-87.57527848141976 41.41499384656641)
315,727938.0,1730934.0,-87.5024191181577,41.416317829667385,POINT (-87.5024191181577 41.416317829667385)
316,548118.0,1694637.0,-88.15822034673316,41.31951384080926,POINT (-88.15822034673316 41.31951384080926)
317,580419.0,1695636.0,-88.0406167164848,41.322016622254836,POINT (-88.0406167164848 41.322016622254836)
318,448551.0,1852479.0,-88.52195491185012,41.752682911054805,POINT (-88.52195491185012 41.752682911054805)
319,479187.0,1855476.0,-88.40968885813263,41.76103717018742,POINT (-88.40968885813263 41.76103717018742)
320,511821.0,1853811.0,-88.29007761297508,41.75648518217154,POINT (-88.29007761297508 41.75648518217154)
321,449217.0,1819512.0,-88.5192516225193,41.6622134907264,POINT (-88.5192516225193 41.6622134907264)
322,480852.0,1821843.0,-88.4034837709189,41.66873967594988,POINT (-88.4034837709189 41.66873967594988)
323,513486.0,1820844.0,-88.28404240123292,41.66600896973413,POINT (-88.28404240123292 41.66600896973413)
324,449883.0,1787544.0,-88.51656418252476,41.574484219578885,POINT (-88.51656418252476 41.574484219578885)
325,481851.0,1787877.0,-88.39972980611613,41.57552499058897,POINT (-88.39972980611613 41.57552499058897)
326,514152.0,1788876.0,-88.28167299976106,41.578274357950306,POINT (-88.28167299976106 41.578274357950306)
327,450549.0,1755576.0,-88.51388451079634,41.48675357902787,POINT (-88.51388451079634 41.48675357902787)
328,482184.0,1755576.0,-88.39842216479806,41.4868769003303,POINT (-88.39842216479806 41.4868769003303)
329,513819.0,1757907.0,-88.28295428981332,41.493281742927984,POINT (-88.28295428981332 41.493281742927984)
330,452547.0,1723608.0,-88.50635787258514,41.399029258043434,POINT (-88.50635787258514 41.399029258043434)
331,484182.0,1721610.0,-88.3910459739898,41.393661242784916,POINT (-88.3910459739898 41.393661242784916)
332,515151.0,1726605.0,-88.27816414904113,41.40737130494473,POINT (-88.27816414904113 41.40737130494473)
333,452214.0,1689975.0,-88.50732438078103,41.30672089538105,POINT (-88.50732438078103 41.30672089538105)
334,484182.0,1690308.0,-88.39096909354586,41.30775166560857,POINT (-88.39096909354586 41.30775166560857)
335,516150.0,1692639.0,-88.2746053047291,41.314148482056886,POINT (-88.2746053047291 41.314148482056886)
336,452214.0,1657674.0,-88.50708726701923,41.218068032851384,POINT (-88.50708726701923 41.218068032851384)
337,483849.0,1658340.0,-88.39210069762841,41.220011830487856,POINT (-88.39210069762841 41.220011830487856)
338,516816.0,1659339.0,-88.27226466442227,41.22275230299022,POINT (-88.27226466442227 41.22275230299022)
339,612720.0,1694970.0,-87.92309628716147,41.31988737650813,POINT (-87.92309628716147 41.31988737650813)
340,646686.0,1694970.0,-87.79944744071149,41.31937905338866,POINT (-87.79944744071149 41.31937905338866)
341,677988.0,1694970.0,-87.68549970819726,41.31879300208752,POINT (-87.68549970819726 41.31879300208752)
342,713952.0,1696635.0,-87.55453118879538,41.32254966919338,POINT (-87.55453118879538 41.32254966919338)
343,549117.0,1660338.0,-88.15483845423576,41.22537188292423,POINT (-88.15483845423576 41.22537188292423)
344,581085.0,1661004.0,-88.03861813080574,41.226960812245466,POINT (-88.03861813080574 41.226960812245466)
345,612720.0,1648017.0,-87.9239049611801,41.19102472119797,POINT (-87.9239049611801 41.19102472119797)
346,636696.0,1665666.0,-87.83642685156065,41.2391187199392,POINT (-87.83642685156065 41.2391187199392)
347,678654.0,1663335.0,-87.68393862424962,41.23196057866885,POINT (-87.68393862424962 41.23196057866885)
348,714618.0,1665000.0,-87.55314357444371,41.23571700223424,POINT (-87.55314357444371 41.23571700223424)
349,546453.0,1621377.0,-88.16479435313188,41.118452429557344,POINT (-88.16479435313188 41.118452429557344)
350,580752.0,1623375.0,-88.04028703764303,41.12368688831377,POINT (-88.04028703764303 41.12368688831377)
351,637695.0,1642356.0,-87.83328356444778,41.175128835140605,POINT (-87.83328356444778 41.175128835140605)
352,660672.0,1634364.0,-87.75001916919794,41.15280154718877,POINT (-87.75001916919794 41.15280154718877)
353,622377.0,1616715.0,-87.88940081597502,41.104984606635156,POINT (-87.88940081597502 41.104984606635156)
354,680319.0,1618047.0,-87.6791265983128,41.10763618100126,POINT (-87.6791265983128 41.10763618100126)
355,715284.0,1626372.0,-87.55198627822655,41.129691616354044,POINT (-87.55198627822655 41.129691616354044)
356,744921.0,1828170.0,-87.43682345196036,41.682678739232145,POINT (-87.43682345196036 41.682678739232145)
357,777888.0,1820844.0,-87.31646970100824,41.66157078424218,POINT (-87.31646970100824 41.66157078424218)
358,804861.0,1807191.0,-87.21842162331602,41.62319222258488,POINT (-87.21842162331602 41.62319222258488)
359,748584.0,1779552.0,-87.42529158552713,41.549162655083904,POINT (-87.42529158552713 41.549162655083904)
360,790875.0,1779219.0,-87.27082746517641,41.54692376002939,POINT (-87.27082746517641 41.54692376002939)
361,746253.0,1748583.0,-87.4349838162376,41.46424710836795,POINT (-87.4349838162376 41.46424710836795)
362,776889.0,1749582.0,-87.32317979526354,41.46606019329788,POINT (-87.32317979526354 41.46606019329788)
363,808524.0,1749582.0,-87.20777502993408,41.464987677236685,POINT (-87.20777502993408 41.464987677236685)
364,747918.0,1699965.0,-87.43076054878091,41.33078358796486,POINT (-87.43076054878091 41.33078358796486)
365,773559.0,1700964.0,-87.33737030750353,41.33275412754235,POINT (-87.33737030750353 41.33275412754235)
366,802197.0,1713951.0,-87.23250996776024,41.36744028177116,POINT (-87.23250996776024 41.36744028177116)
367,410256.0,1933398.0,-88.66344430288004,41.974429824462064,POINT (-88.66344430288004 41.974429824462064)
368,383616.0,2091240.0,-88.7643574991316,42.40722793729645,POINT (-88.7643574991316 42.40722793729645)
369,402264.0,2173158.0,-88.69661375843125,42.632241025633874,POINT (-88.69661375843125 42.632241025633874)
370,434232.0,2173158.0,-88.57782168824757,42.63255699478201,POINT (-88.57782168824757 42.63255699478201)
371,465867.0,2173158.0,-88.46026514719772,42.63274834757473,POINT (-88.46026514719772 42.63274834757473)
372,499167.0,2172825.0,-88.33651978073078,42.63190558485763,POINT (-88.33651978073078 42.63190558485763)
373,531801.0,2172825.0,-88.21525104044937,42.631845571010125,POINT (-88.21525104044937 42.631845571010125)
374,563103.0,2172825.0,-88.09893258474828,42.6316676779913,POINT (-88.09893258474828 42.6316676779913)
375,595737.0,2173158.0,-87.97766601867451,42.63232333967632,POINT (-87.97766601867451 42.63232333967632)
376,631035.0,2173158.0,-87.84650177811646,42.63184012624765,POINT (-87.84650177811646 42.63184012624765)
377,611721.0,2226438.0,-87.91729262080366,42.77831299719907,POINT (-87.91729262080366 42.77831299719907)
378,519480.0,2217780.0,-88.26089228103768,42.75523499958947,POINT (-88.26089228103768 42.75523499958947)
379,353646.0,2061270.0,-88.87461410929683,42.32452211859498,POINT (-88.87461410929683 42.32452211859498)
380,384282.0,1933065.0,-88.75895604700764,41.97320251445689,POINT (-88.75895604700764 41.97320251445689)
381,406260.0,1733598.0,-88.67521006673007,41.42606955520018,POINT (-88.67521006673007 41.42606955520018)
382,390276.0,1642356.0,-88.73196297925725,41.17546735601021,POINT (-88.73196297925725 41.17546735601021)
383,451215.0,1620378.0,-88.51043883846353,41.115697472922896,POINT (-88.51043883846353 41.115697472922896)
384,621711.0,1586079.0,-87.8923816728679,41.020910825216205,POINT (-87.8923816728679 41.020910825216205)
385,801531.0,1656009.0,-87.23760358205911,41.20846729303616,POINT (-87.23760358205911 41.20846729303616)
386,839493.0,1780218.0,-87.09320125849132,41.54788511866813,POINT (-87.09320125849132 41.54788511866813)
387,822843.0,1820178.0,-87.1520142284392,41.65816884599833,POINT (-87.1520142284392 41.65816884599833)
388,453879.0,2026305.0,-88.50370908395354,42.229727814772346,POINT (-88.50370908395354 42.229727814772346)
389,394605.0,2078253.0,-88.7234479447104,42.37173831377853,POINT (-88.7234479447104 42.37173831377853)
390,393606.0,2052612.0,-88.72670432748163,42.301367620481464,POINT (-88.72670432748163 42.301367620481464)
391,485181.0,2011320.0,-88.38809577287216,42.18872095382216,POINT (-88.38809577287216 42.18872095382216)
392,507825.0,2000997.0,-88.30455320978515,42.16040288484675,POINT (-88.30455320978515 42.16040288484675)
393,521811.0,1996335.0,-88.25298483335625,42.147585240235536,POINT (-88.25298483335625 42.147585240235536)
394,538794.0,1996002.0,-88.19036122410868,42.14661060547607,POINT (-88.19036122410868 42.14661060547607)
395,551115.0,1996335.0,-88.14492503804004,42.147458869342266,POINT (-88.14492503804004 42.147458869342266)
396,569430.0,1995669.0,-88.07739542465228,42.14550063905701,POINT (-88.07739542465228 42.14550063905701)
397,580086.0,1995336.0,-88.03810679419607,42.14449255283565,POINT (-88.03810679419607 42.14449255283565)
398,591741.0,1993005.0,-87.99518862218046,42.138032066085046,POINT (-87.99518862218046 42.138032066085046)
399,594738.0,1991340.0,-87.98416411227382,42.133429956067395,POINT (-87.98416411227382 42.133429956067395)
400,591075.0,2003661.0,-87.99748893858568,42.16728036763363,POINT (-87.99748893858568 42.16728036763363)
401,597735.0,2021310.0,-87.9726464526577,42.215635702160725,POINT (-87.9726464526577 42.215635702160725)
402,594072.0,2028636.0,-87.9860575655844,42.235780484538,POINT (-87.9860575655844 42.235780484538)
403,591741.0,1977687.0,-87.99541290834969,42.09599777042481,POINT (-87.99541290834969 42.09599777042481)
404,593406.0,1961370.0,-87.98952098495586,42.051203518783524,POINT (-87.98952098495586 42.051203518783524)
405,593739.0,1956375.0,-87.98836938377984,42.0374928303027,POINT (-87.98836938377984 42.0374928303027)
406,589077.0,1945386.0,-88.00565651190402,42.007333967082175,POINT (-88.00565651190402 42.007333967082175)
407,588744.0,1928736.0,-88.00711390144997,41.96164682801434,POINT (-88.00711390144997 41.96164682801434)
408,590409.0,1912752.0,-88.00121866714859,41.917765913598444,POINT (-88.00121866714859 41.917765913598444)
409,586413.0,1903095.0,-88.01603145311401,41.89130637321736,POINT (-88.01603145311401 41.89130637321736)
410,567099.0,1900098.0,-88.08699798213752,41.8832556162602,POINT (-88.08699798213752 41.8832556162602)
411,550782.0,1899432.0,-88.14692395781191,41.88154056324735,POINT (-88.14692395781191 41.88154056324735)
412,534798.0,1898100.0,-88.20562758903364,41.87796520435826,POINT (-88.20562758903364 41.87796520435826)
413,519147.0,1897101.0,-88.26310098754087,41.87527299406399,POINT (-88.26310098754087 41.87527299406399)
414,503829.0,1896435.0,-88.31934656718016,41.873465899487094,POINT (-88.31934656718016 41.873465899487094)
415,480186.0,1899765.0,-88.40616801230075,41.882582067163696,POINT (-88.40616801230075 41.882582067163696)
416,448551.0,1911087.0,-88.52243186209708,41.913520248291455,POINT (-88.52243186209708 41.913520248291455)
417,419580.0,1920744.0,-88.62899401558838,41.93979759011441,POINT (-88.62899401558838 41.93979759011441)
418,611388.0,2173158.0,-87.91950789691057,42.63212761475626,POINT (-87.91950789691057 42.63212761475626)
419,609057.0,2143188.0,-87.92870360847321,42.54992508607459,POINT (-87.92870360847321 42.54992508607459)
420,613053.0,2117214.0,-87.91435208146775,42.47860174302009,POINT (-87.91435208146775 42.47860174302009)
421,618381.0,2101896.0,-87.89489635403504,42.436496409489656,POINT (-87.89489635403504 42.436496409489656)
422,625374.0,2085579.0,-87.86932316566167,42.39162156795319,POINT (-87.86932316566167 42.39162156795319)
423,624708.0,2070261.0,-87.87209700042642,42.349599743522035,POINT (-87.87209700042642 42.349599743522035)
424,627705.0,2053611.0,-87.8613530778536,42.303867501330394,POINT (-87.8613530778536 42.303867501330394)
425,632700.0,2037627.0,-87.84322990229651,42.259930100184036,POINT (-87.84322990229651 42.259930100184036)
426,633699.0,2029302.0,-87.83971826603161,42.237070488017046,POINT (-87.83971826603161 42.237070488017046)
427,638361.0,2026971.0,-87.82255505761361,42.23059872561696,POINT (-87.82255505761361 42.23059872561696)
428,656010.0,2025639.0,-87.75742477569432,42.22663456072676,POINT (-87.75742477569432 42.22663456072676)
429,654345.0,2028969.0,-87.76348950038353,42.23580272520162,POINT (-87.76348950038353 42.23580272520162)
430,653013.0,2031966.0,-87.76833436382083,42.244050763187964,POINT (-87.76833436382083 42.244050763187964)
431,658341.0,2020977.0,-87.74893709040651,42.21379858478763,POINT (-87.74893709040651 42.21379858478763)
432,665667.0,2004993.0,-87.72231898136477,42.16979783175955,POINT (-87.72231898136477 42.16979783175955)
433,666000.0,1992006.0,-87.72143477679266,42.13415511848763,POINT (-87.72143477679266 42.13415511848763)
434,663336.0,1981350.0,-87.73153313878879,42.104967008641374,POINT (-87.73153313878879 42.104967008641374)
435,668331.0,1968030.0,-87.71348397116552,42.06831858771309,POINT (-87.71348397116552 42.06831858771309)
436,669663.0,1958373.0,-87.70883883619281,42.04179288392002,POINT (-87.70883883619281 42.04179288392002)
437,656343.0,1965366.0,-87.75769910084665,42.061238769074315,POINT (-87.75769910084665 42.061238769074315)
438,635697.0,1967364.0,-87.83368266063027,42.067078209546665,POINT (-87.83368266063027 42.067078209546665)
439,635697.0,1979352.0,-87.8334237604141,42.09997413580859,POINT (-87.8334237604141 42.09997413580859)
440,635697.0,1992006.0,-87.833150035287,42.134697406841134,POINT (-87.833150035287 42.134697406841134)
441,635364.0,2005326.0,-87.83408974452534,42.17125334910833,POINT (-87.83408974452534 42.17125334910833)
442,634032.0,1621377.0,-87.84701603299366,41.11760852545739,POINT (-87.84701603299366 41.11760852545739)
443,643356.0,1640691.0,-87.81275721956658,41.170467922204,POINT (-87.81275721956658 41.170467922204)
444,641358.0,1665333.0,-87.81948355836136,41.238130244302745,POINT (-87.81948355836136 41.238130244302745)
445,641691.0,1694970.0,-87.8176309035156,41.3194621358712,POINT (-87.8176309035156 41.3194621358712)
446,654345.0,1729935.0,-87.77073809274334,41.41520360940538,POINT (-87.77073809274334 41.41520360940538)
447,667665.0,1761570.0,-87.72136092614309,41.50177202369894,POINT (-87.72136092614309 41.50177202369894)
448,671328.0,1784880.0,-87.707371380403,41.56566906697203,POINT (-87.707371380403 41.56566906697203)
449,671328.0,1801197.0,-87.70693766994746,41.61044700322667,POINT (-87.70693766994746 41.61044700322667)
450,671328.0,1811187.0,-87.70667165246869,41.637861890895074,POINT (-87.70667165246869 41.637861890895074)
451,674658.0,1817514.0,-87.6943181620428,41.6551573773902,POINT (-87.6943181620428 41.6551573773902)
452,681318.0,1826172.0,-87.66970416743712,41.678778334399325,POINT (-87.66970416743712 41.678778334399325)
453,649683.0,1806525.0,-87.78596115108759,41.62547323246568,POINT (-87.78596115108759 41.62547323246568)
454,601731.0,1792872.0,-87.96156369484076,41.588707606326984,POINT (-87.96156369484076 41.588707606326984)
455,585414.0,1791540.0,-88.02117799958997,41.585174386084965,POINT (-88.02117799958997 41.585174386084965)
456,569430.0,1791207.0,-88.07960848707732,41.584404053738204,POINT (-88.07960848707732 41.584404053738204)
457,553113.0,1785213.0,-88.13930125946608,41.56806976328577,POINT (-88.13930125946608 41.56806976328577)
458,545454.0,1781217.0,-88.16731811071617,41.557146723551796,POINT (-88.16731811071617 41.557146723551796)
459,538461.0,1778553.0,-88.19288471743002,41.549869488756926,POINT (-88.19288471743002 41.549869488756926)
460,513819.0,1766232.0,-88.28293700648418,41.51612948131827,POINT (-88.28293700648418 41.51612948131827)
461,482850.0,1745919.0,-88.39596552070267,41.460374812179104,POINT (-88.39596552070267 41.460374812179104)
462,451548.0,1741257.0,-88.51013108135139,41.44746121135925,POINT (-88.51013108135139 41.44746121135925)
463,484515.0,1644687.0,-88.38964640531934,41.182540298410885,POINT (-88.38964640531934 41.182540298410885)
464,502164.0,1659006.0,-88.32552633342797,41.22185436818855,POINT (-88.32552633342797 41.22185436818855)
465,527472.0,1693305.0,-88.23338816252657,41.31594790687599,POINT (-88.23338816252657 41.31594790687599)
466,547452.0,1719279.0,-88.16046703903741,41.387148392793826,POINT (-88.16046703903741 41.387148392793826)
467,546786.0,1750581.0,-88.16267046881855,41.4730603614854,POINT (-88.16267046881855 41.4730603614854)
468,548118.0,1797867.0,-88.15746163735714,41.60282699981754,POINT (-88.15746163735714 41.60282699981754)
469,553113.0,1814517.0,-88.13906219140884,41.64849196914722,POINT (-88.13906219140884 41.64849196914722)
470,554778.0,1830501.0,-88.13283512827039,41.69234769411673,POINT (-88.13283512827039 41.69234769411673)
471,570096.0,1847151.0,-88.07656883887158,41.73793006417757,POINT (-88.07656883887158 41.73793006417757)
472,583749.0,1857807.0,-88.02640621668893,41.7670509789618,POINT (-88.02640621668893 41.7670509789618)
473,589410.0,1864134.0,-88.0055672888144,41.78435685162451,POINT (-88.0055672888144 41.78435685162451)
474,589743.0,1880451.0,-88.00411860687036,41.82913129799222,POINT (-88.00411860687036 41.82913129799222)
475,604062.0,1870461.0,-87.95178158342658,41.80160741782072,POINT (-87.95178158342658 41.80160741782072)
476,611388.0,1874457.0,-87.92484318583189,41.81248077653141,POINT (-87.92484318583189 41.81248077653141)
477,626706.0,1884780.0,-87.8684489442473,41.84059520463267,POINT (-87.8684489442473 41.84059520463267)
478,624375.0,1897101.0,-87.8767620223079,41.87444083679377,POINT (-87.8767620223079 41.87444083679377)
479,622044.0,1913418.0,-87.88500676689509,41.919251423541695,POINT (-87.88500676689509 41.919251423541695)
480,621045.0,1919745.0,-87.88855639063185,41.93662807702136,POINT (-87.88855639063185 41.93662807702136)
481,614052.0,1920744.0,-87.91423951146211,41.93946640572545,POINT (-87.91423951146211 41.93946640572545)
482,611388.0,1920744.0,-87.92403086892092,41.939501809889116,POINT (-87.92403086892092 41.939501809889116)
483,614385.0,1914750.0,-87.91312391819957,41.923013337058045,POINT (-87.91312391819957 41.923013337058045)
484,629703.0,1924407.0,-87.8566405685547,41.949293354211115,POINT (-87.8566405685547 41.949293354211115)
485,646020.0,1924740.0,-87.79665252374554,41.949941940600105,POINT (-87.79665252374554 41.949941940600105)
486,621711.0,1930068.0,-87.88591000251603,41.96494646793172,POINT (-87.88591000251603 41.96494646793172)
487,608391.0,1945386.0,-87.93462318583106,42.00716227793141,POINT (-87.93462318583106 42.00716227793141)
488,597735.0,1953045.0,-87.9737114268102,42.02830955310893,POINT (-87.9737114268102 42.02830955310893)
489,659340.0,1924740.0,-87.74768889100038,41.94970221177514,POINT (-87.74768889100038 41.94970221177514)
490,664668.0,1924407.0,-87.72811227045402,41.9486866926044,POINT (-87.72811227045402 41.9486866926044)
491,677655.0,1926072.0,-87.68032753004603,41.95299358311309,POINT (-87.68032753004603 41.95299358311309)
492,691974.0,1927404.0,-87.6276499147716,41.95633673601374,POINT (-87.6276499147716 41.95633673601374)
493,697302.0,1926405.0,-87.60809420940372,41.95347323205769,POINT (-87.60809420940372 41.95347323205769)
494,692640.0,1935729.0,-87.62494802058245,41.97916562810531,POINT (-87.62494802058245 41.97916562810531)
495,682650.0,1945719.0,-87.66139789593514,42.006799632268915,POINT (-87.66139789593514 42.006799632268915)
496,673659.0,1955043.0,-87.69422055432766,42.032574170145985,POINT (-87.69422055432766 42.032574170145985)
497,697968.0,1918746.0,-87.60588535574253,41.932441247222144,POINT (-87.60588535574253 41.932441247222144)
498,698967.0,1915749.0,-87.60230827774626,41.92419404611416,POINT (-87.60230827774626 41.92419404611416)
499,692640.0,1913085.0,-87.62563694317939,41.917029762035014,POINT (-87.62563694317939 41.917029762035014)
500,679320.0,1908090.0,-87.67471567949022,41.903614695337026,POINT (-87.67471567949022 41.903614695337026)
501,662670.0,1901097.0,-87.73605469577589,41.884760098889004,POINT (-87.73605469577589 41.884760098889004)
502,647019.0,1893438.0,-87.79370586050965,41.86402764943103,POINT (-87.79370586050965 41.86402764943103)
503,631035.0,1884780.0,-87.85256264162074,41.840529670296995,POINT (-87.85256264162074 41.840529670296995)
504,631035.0,1882782.0,-87.85260378707267,41.83504676395964,POINT (-87.85260378707267 41.83504676395964)
505,647352.0,1876122.0,-87.79288440533816,41.81650382809617,POINT (-87.79288440533816 41.81650382809617)
506,654345.0,1866132.0,-87.76747377631322,41.788965717171145,POINT (-87.76747377631322 41.788965717171145)
507,667998.0,1852146.0,-87.71778000486131,41.75032783835969,POINT (-87.71778000486131 41.75032783835969)
508,688644.0,1819512.0,-87.64308373466834,41.66034388221758,POINT (-87.64308373466834 41.66034388221758)
509,698301.0,1815849.0,-87.60785862869582,41.65007404005355,POINT (-87.60785862869582 41.65007404005355)
510,714618.0,1816182.0,-87.54814841703944,41.65059498393845,POINT (-87.54814841703944 41.65059498393845)
511,715950.0,1816182.0,-87.5432750058352,41.65056154474274,POINT (-87.5432750058352 41.65056154474274)
512,727272.0,1816182.0,-87.5018513491539,41.650268970583895,POINT (-87.5018513491539 41.650268970583895)
513,745920.0,1814517.0,-87.43368919601002,41.6451857048046,POINT (-87.43368919601002 41.6451857048046)
514,772560.0,1813185.0,-87.33629018889705,41.64072573461073,POINT (-87.33629018889705 41.64072573461073)
515,794538.0,1813851.0,-87.25586663831051,41.641826958410405,POINT (-87.25586663831051 41.641826958410405)
516,788877.0,1785546.0,-87.27784256956718,41.564352106919415,POINT (-87.27784256956718 41.564352106919415)
517,788544.0,1749582.0,-87.28066151729188,41.46567852279462,POINT (-87.28066151729188 41.46567852279462)
518,795537.0,1710954.0,-87.2569048112011,41.359446151893465,POINT (-87.2569048112011 41.359446151893465)
519,717282.0,1786878.0,-87.53939008750312,41.57011360061176,POINT (-87.53939008750312 41.57011360061176)
520,717948.0,1783215.0,-87.53708005822126,41.560044885504105,POINT (-87.53708005822126 41.560044885504105)
521,716283.0,1800531.0,-87.54258267728305,41.607604712729305,POINT (-87.54258267728305 41.607604712729305)
522,716616.0,1839492.0,-87.54005165204174,41.71450997582877,POINT (-87.54005165204174 41.71450997582877)
523,703629.0,1867797.0,-87.58671343168064,41.79250080254541,POINT (-87.58671343168064 41.79250080254541)
524,693306.0,1850148.0,-87.62510018826521,41.74430995817963,POINT (-87.62510018826521 41.74430995817963)
525,689643.0,1834497.0,-87.63898525164602,41.701443275028005,POINT (-87.63898525164602 41.701443275028005)
526,734265.0,1845819.0,-87.47518449454917,41.73140659837628,POINT (-87.47518449454917 41.73140659837628)
527,757908.0,1828503.0,-87.38927244410672,41.68321139117934,POINT (-87.38927244410672 41.68321139117934)
528,708624.0,1885113.0,-87.5678310184354,41.83989629545163,POINT (-87.5678310184354 41.83989629545163)
529,702963.0,1889442.0,-87.58846611187668,41.8519120798888,POINT (-87.58846611187668 41.8519120798888)
530,703629.0,1879119.0,-87.5863518549072,41.82356923137797,POINT (-87.5863518549072 41.82356923137797)
531,701631.0,1895436.0,-87.59316484125381,41.86839159116331,POINT (-87.59316484125381 41.86839159116331)
532,701631.0,1903095.0,-87.59292185137646,41.88940823993306,POINT (-87.59292185137646 41.88940823993306)
533,701964.0,1909755.0,-87.59148710390436,41.9076756156633,POINT (-87.59148710390436 41.9076756156633)
534,792873.0,1821843.0,-87.26159310482389,41.66381323369099,POINT (-87.26159310482389 41.66381323369099)
535,621378.0,1931400.0,-87.8871088189169,41.96860644907338,POINT (-87.8871088189169 41.96860644907338)
536,628038.0,1974024.0,-87.8617531642256,42.08547338581295,POINT (-87.8617531642256 42.08547338581295)
537,613386.0,1980684.0,-87.915608489463,42.103958621190735,POINT (-87.915608489463 42.103958621190735)
538,584082.0,1895769.0,-88.02468879910542,41.871225365760374,POINT (-88.02468879910542 41.871225365760374)
539,598068.0,1910754.0,-87.97314272490767,41.91225178000228,POINT (-87.97314272490767 41.91225178000228)
540,628038.0,1964367.0,-87.8619498871015,42.05897372894433,POINT (-87.8619498871015 42.05897372894433)
541,732267.0,1844487.0,-87.48255195559929,41.727806019361175,POINT (-87.48255195559929 41.727806019361175)
542,758241.0,1825173.0,-87.38818742879482,41.674063826664444,POINT (-87.38818742879482 41.674063826664444)
543,777888.0,1827837.0,-87.31616723509713,41.68075920372454,POINT (-87.31616723509713 41.68075920372454)
544,794538.0,1812186.0,-87.25594284716394,41.63725835494398,POINT (-87.25594284716394 41.63725835494398)
545,703296.0,1867797.0,-87.58793448004737,41.792508742724806,POINT (-87.58793448004737 41.792508742724806)
546,750249.0,1844487.0,-87.4166840406639,41.727298842471626,POINT (-87.4166840406639 41.727298842471626)
547,693639.0,1979352.0,-87.61993384183985,42.09884374808536,POINT (-87.61993384183985 42.09884374808536)
548,686979.0,1976355.0,-87.64456143103574,42.09077019201476,POINT (-87.64456143103574 42.09077019201476)
549,696636.0,1966698.0,-87.60928725580605,42.06405242999258,POINT (-87.60928725580605 42.06405242999258)
550,689643.0,1961703.0,-87.63518893305935,42.05050601135559,POINT (-87.63518893305935 42.05050601135559)
551,699966.0,1950048.0,-87.59755317900117,42.01828720385415,POINT (-87.59755317900117 42.01828720385415)
552,674658.0,1971360.0,-87.6900908966217,42.077327730955375,POINT (-87.6900908966217 42.077327730955375)
553,679653.0,1960371.0,-87.6720068310588,42.04706913130269,POINT (-87.6720068310588 42.04706913130269)
554,659007.0,1970361.0,-87.74776304214666,42.07489554574901,POINT (-87.74776304214666 42.07489554574901)
555,652680.0,1956042.0,-87.77141372302064,42.03572012057635,POINT (-87.77141372302064 42.03572012057635)
556,668997.0,1952379.0,-87.71145125664593,42.02535845179756,POINT (-87.71145125664593 42.02535845179756)
557,669663.0,1936728.0,-87.70942090519863,41.98239797381614,POINT (-87.70942090519863 41.98239797381614)
558,679653.0,1938726.0,-87.67262327009215,41.987674701184176,POINT (-87.67262327009215 41.987674701184176)
559,681318.0,1927737.0,-87.6668144166575,41.957484940384354,POINT (-87.6668144166575 41.957484940384354)
560,682983.0,1949049.0,-87.66007617471375,42.01593003564935,POINT (-87.66007617471375 42.01593003564935)
561,692307.0,1939392.0,-87.62606118435029,41.9892245163268,POINT (-87.62606118435029 41.9892245163268)
562,695637.0,1929069.0,-87.61413247675607,41.96082185654126,POINT (-87.61413247675607 41.96082185654126)
563,704295.0,1938726.0,-87.58198982804683,41.987116518142166,POINT (-87.58198982804683 41.987116518142166)
564,706293.0,1930734.0,-87.57490200386222,41.965138173302584,POINT (-87.57490200386222 41.965138173302584)
565,707625.0,1922742.0,-87.5702667734009,41.94317566167056,POINT (-87.5702667734009 41.94317566167056)
566,681984.0,1916082.0,-87.66470089236147,41.925488684196736,POINT (-87.66470089236147 41.925488684196736)
567,694971.0,1921077.0,-87.61682711309115,41.938906931711905,POINT (-87.61682711309115 41.938906931711905)
568,708624.0,1914417.0,-87.56686906338838,41.92030733353162,POINT (-87.56686906338838 41.92030733353162)
569,697302.0,1909755.0,-87.60861253489391,41.90778512344107,POINT (-87.60861253489391 41.90778512344107)
570,682983.0,1908090.0,-87.66126066189626,41.90353662018814,POINT (-87.66126066189626 41.90353662018814)
571,667332.0,1897101.0,-87.71904021706486,41.87370414615918,POINT (-87.71904021706486 41.87370414615918)
572,683982.0,1894437.0,-87.65798654262328,41.86605011273268,POINT (-87.65798654262328 41.86605011273268)
573,698301.0,1893105.0,-87.60546247933455,41.86207343088358,POINT (-87.60546247933455 41.86207343088358)
574,710955.0,1903428.0,-87.55866996643609,41.8900958287702,POINT (-87.55866996643609 41.8900958287702)
575,714285.0,1887777.0,-87.54696839973313,41.847065893884746,POINT (-87.54696839973313 41.847065893884746)
576,683649.0,1881450.0,-87.65958378024575,41.83041968134059,POINT (-87.65958378024575 41.83041968134059)
577,699633.0,1877121.0,-87.6010741461106,41.81818108941307,POINT (-87.6010741461106 41.81818108941307)
578,692973.0,1865133.0,-87.62586777484903,41.78543814554042,POINT (-87.62586777484903 41.78543814554042)
579,708957.0,1854477.0,-87.56761246819735,41.75582084309283,POINT (-87.56761246819735 41.75582084309283)
580,709290.0,1868463.0,-87.56593384010442,41.794191384595315,POINT (-87.56593384010442 41.794191384595315)
581,725940.0,1879452.0,-87.50449143038692,41.82392083182189,POINT (-87.50449143038692 41.82392083182189)
582,726939.0,1859472.0,-87.50153712864504,41.769068664074815,POINT (-87.50153712864504 41.769068664074815)
583,628704.0,1968363.0,-87.85941568976311,42.0699289965402,POINT (-87.85941568976311 42.0699289965402)
584,553779.0,2017314.0,-88.1349231219252,42.20501087064821,POINT (-88.1349231219252 42.20501087064821)
585,593406.0,2024640.0,-87.98857675583999,42.224822680729964,POINT (-87.98857675583999 42.224822680729964)
586,576756.0,2024640.0,-88.05002888117795,42.224935886489604,POINT (-88.05002888117795 42.224935886489604)
587,593406.0,2008656.0,-87.98881608109593,42.18096149725463,POINT (-87.98881608109593 42.18096149725463)
588,577089.0,2008656.0,-88.04899505394401,42.181071671805114,POINT (-88.04899505394401 42.181071671805114)
589,625707.0,2024307.0,-87.86933040960284,42.22348757121513,POINT (-87.86933040960284 42.22348757121513)
590,609390.0,2024640.0,-87.92956461793452,42.22462967217021,POINT (-87.92956461793452 42.22462967217021)
591,625707.0,2008656.0,-87.86964546797046,42.18054077835464,POINT (-87.86964546797046 42.18054077835464)
592,609057.0,2007990.0,-87.93108492665029,42.17894555812488,POINT (-87.93108492665029 42.17894555812488)
593,657675.0,2024640.0,-87.7513029159016,42.22386226184727,POINT (-87.7513029159016 42.22386226184727)
594,641691.0,2024640.0,-87.81031290551553,42.22414697330616,POINT (-87.81031290551553 42.22414697330616)
595,657342.0,2008656.0,-87.75293479024108,42.180008755489965,POINT (-87.75293479024108 42.180008755489965)
596,641691.0,2008656.0,-87.81067547028903,42.180286805070715,POINT (-87.81067547028903 42.180286805070715)
597,671328.0,2023641.0,-87.70092666980143,42.220853833025686,POINT (-87.70092666980143 42.220853833025686)
598,687312.0,2004660.0,-87.64248956326036,42.168430461290036,POINT (-87.64248956326036 42.168430461290036)
599,673659.0,2007990.0,-87.6927564532146,42.17786045619734,POINT (-87.6927564532146 42.17786045619734)
600,554778.0,1993671.0,-88.1314406501579,42.14012558790218,POINT (-88.1314406501579 42.14012558790218)
601,538128.0,1993005.0,-88.19283505148985,42.13838947435195,POINT (-88.19283505148985 42.13838947435195)
602,554778.0,1979352.0,-88.13156430126224,42.100832401806954,POINT (-88.13156430126224 42.100832401806954)
603,538128.0,1979352.0,-88.19291676582128,42.100923701944325,POINT (-88.19291676582128 42.100923701944325)
604,586080.0,1994670.0,-88.01601404944994,42.14260603531239,POINT (-88.01601404944994 42.14260603531239)
605,570429.0,1994004.0,-88.0737302591342,42.140923437360456,POINT (-88.0737302591342 42.140923437360456)
606,586080.0,1981017.0,-88.01620000346223,42.1051408997565,POINT (-88.01620000346223 42.1051408997565)
607,570429.0,1980351.0,-88.07388218335255,42.10345805261558,POINT (-88.07388218335255 42.10345805261558)
608,616716.0,1995003.0,-87.90307111932398,42.14320566352423,POINT (-87.90307111932398 42.14320566352423)
609,601398.0,1994670.0,-87.95955711495279,42.142490235608946,POINT (-87.95955711495279 42.142490235608946)
610,616716.0,1981350.0,-87.90332534084274,42.105740759828684,POINT (-87.90332534084274 42.105740759828684)
611,601731.0,1981017.0,-87.95855095782554,42.10502106064341,POINT (-87.95855095782554 42.10502106064341)
612,648018.0,1995336.0,-87.78764833742693,42.14362763885701,POINT (-87.78764833742693 42.14362763885701)
613,632367.0,1995336.0,-87.84535626757238,42.14388805012539,POINT (-87.84535626757238 42.14388805012539)
614,648018.0,1982682.0,-87.78794698748028,42.108904670515486,POINT (-87.78794698748028 42.108904670515486)
615,632700.0,1982349.0,-87.84440329268372,42.108245766669555,POINT (-87.84440329268372 42.108245766669555)
616,680985.0,1995003.0,-87.66610567386238,42.14207042685698,POINT (-87.66610567386238 42.14207042685698)
617,664002.0,1995669.0,-87.72870469329845,42.144245482466104,POINT (-87.72870469329845 42.144245482466104)
618,680319.0,1984680.0,-87.66885790231505,42.113758693270874,POINT (-87.66885790231505 42.113758693270874)
619,664335.0,1984680.0,-87.72776479342038,42.11408516920902,POINT (-87.72776479342038 42.11408516920902)
620,691308.0,1995336.0,-87.628035090975,42.14275620109484,POINT (-87.628035090975 42.14275620109484)
621,691308.0,1987677.0,-87.62826866545363,42.12174032448715,POINT (-87.62826866545363 42.12174032448715)
622,639027.0,1966365.0,-87.82144123292088,42.06428273166657,POINT (-87.82144123292088 42.06428273166657)
623,632367.0,1950048.0,-87.84631031608865,42.0196142851834,POINT (-87.84631031608865 42.0196142851834)
624,648351.0,1948383.0,-87.78752861924585,42.0147802545666,POINT (-87.78752861924585 42.0147802545666)
625,653346.0,1962036.0,-87.7688162865297,42.05215597791294,POINT (-87.7688162865297 42.05215597791294)
626,649350.0,1933731.0,-87.78419922385399,41.97455624316289,POINT (-87.78419922385399 41.97455624316289)
627,632700.0,1933398.0,-87.84543499443518,41.97391950802189,POINT (-87.84543499443518 41.97391950802189)
628,649350.0,1918080.0,-87.78456867587205,41.9316081349016,POINT (-87.78456867587205 41.9316081349016)
629,633699.0,1917081.0,-87.84210617429018,41.92912770152595,POINT (-87.84210617429018 41.92912770152595)
630,660672.0,1934064.0,-87.74255570322777,41.97526297149525,POINT (-87.74255570322777 41.97526297149525)
631,666333.0,1918080.0,-87.72215816349497,41.93129236338254,POINT (-87.72215816349497 41.93129236338254)
632,650349.0,1901763.0,-87.78128428353243,41.88681449309041,POINT (-87.78128428353243 41.88681449309041)
633,634365.0,1901097.0,-87.83999746901596,41.88525455226138,POINT (-87.83999746901596 41.88525455226138)
634,650349.0,1885446.0,-87.78167022902511,41.842038131970895,POINT (-87.78167022902511 41.842038131970895)
635,634365.0,1884780.0,-87.84034244516839,41.84047776424667,POINT (-87.84034244516839 41.84047776424667)
636,665667.0,1906092.0,-87.72491881167898,41.89840908525246,POINT (-87.72491881167898 41.89840908525246)
637,666333.0,1885446.0,-87.72301291238362,41.84174091463235,POINT (-87.72301291238362 41.84174091463235)
638,611388.0,1850481.0,-87.92526210004027,41.74668458527286,POINT (-87.92526210004027 41.74668458527286)
639,651015.0,1869462.0,-87.7796051803057,41.79816346210957,POINT (-87.7796051803057 41.79816346210957)
640,635031.0,1868796.0,-87.83823739572628,41.79660392394363,POINT (-87.83823739572628 41.79660392394363)
641,651348.0,1852812.0,-87.77877880301368,41.752466700133006,POINT (-87.77877880301368 41.752466700133006)
642,635697.0,1852812.0,-87.8361349549421,41.75272972204006,POINT (-87.8361349549421 41.75272972204006)
643,682650.0,1872459.0,-87.6635068866965,41.80576880395729,POINT (-87.6635068866965 41.80576880395729)
644,666999.0,1869795.0,-87.72097918971214,41.798779251732995,POINT (-87.72097918971214 41.798779251732995)
645,683982.0,1850481.0,-87.65925485274708,41.74542957287602,POINT (-87.65925485274708 41.74542957287602)
646,667332.0,1853478.0,-87.72018569688946,41.75399615516712,POINT (-87.72018569688946 41.75399615516712)
647,697635.0,1849482.0,-87.60925891313825,41.74238336226562,POINT (-87.60925891313825 41.74238336226562)
648,651681.0,1836495.0,-87.77794530894484,41.70768332104022,POINT (-87.77794530894484 41.70768332104022)
649,636363.0,1836162.0,-87.8340492204563,41.70702740570748,POINT (-87.8340492204563 41.70702740570748)
650,652680.0,1820511.0,-87.77466742498528,41.66380158593732,POINT (-87.77466742498528 41.66380158593732)
651,636030.0,1820178.0,-87.83560787372818,41.66316831567244,POINT (-87.83560787372818 41.66316831567244)
652,684648.0,1837494.0,-87.65718903798644,41.7097767794865,POINT (-87.65718903798644 41.7097767794865)
653,667998.0,1837494.0,-87.7181646210846,41.7101199195186,POINT (-87.7181646210846 41.7101199195186)
654,684981.0,1821177.0,-87.65644000263009,41.66499279212629,POINT (-87.65644000263009 41.66499279212629)
655,668664.0,1820511.0,-87.71617216624263,41.663501848631775,POINT (-87.71617216624263 41.663501848631775)
656,717615.0,1837494.0,-87.53646081570767,41.70900192416987,POINT (-87.53646081570767 41.70900192416987)
657,701298.0,1838160.0,-87.59619368242171,41.711228883012275,POINT (-87.59619368242171 41.711228883012275)
658,717948.0,1820844.0,-87.53580679104357,41.66330406827994,POINT (-87.53580679104357 41.66330406827994)
659,701631.0,1820844.0,-87.5955182969541,41.66370343523052,POINT (-87.5955182969541 41.66370343523052)
660,730269.0,1837494.0,-87.49012200218002,41.70867082464145,POINT (-87.49012200218002 41.70867082464145)
661,730602.0,1821177.0,-87.48948881124183,41.663886780729726,POINT (-87.48948881124183 41.663886780729726)
662,685314.0,1804527.0,-87.65570129405745,41.61929472495573,POINT (-87.65570129405745 41.61929472495573)
663,669663.0,1804527.0,-87.7129381054057,41.61961839223946,POINT (-87.7129381054057 41.61961839223946)
664,685980.0,1788210.0,-87.65373665731137,41.57450292601274,POINT (-87.65373665731137 41.57450292601274)
665,669996.0,1788210.0,-87.71215083001354,41.574833897344554,POINT (-87.71215083001354 41.574833897344554)
666,717948.0,1804527.0,-87.5363597419806,41.618528195872415,POINT (-87.5363597419806 41.618528195872415)
667,701631.0,1804527.0,-87.59602993897757,41.618926944974405,POINT (-87.59602993897757 41.618926944974405)
668,718281.0,1788543.0,-87.53568326573144,41.57465732194746,POINT (-87.53568326573144 41.57465732194746)
669,701964.0,1788543.0,-87.59531306960628,41.575056097406744,POINT (-87.59531306960628 41.575056097406744)
670,730935.0,1797867.0,-87.48910675681799,41.599912936907806,POINT (-87.48910675681799 41.599912936907806)
671,554112.0,1963701.0,-88.13415160769878,42.05788799572831,POINT (-88.13415160769878 42.05788799572831)
672,538461.0,1962702.0,-88.19179003325344,42.055231898366806,POINT (-88.19179003325344 42.055231898366806)
673,554778.0,1947384.0,-88.13183946337942,42.01310709234269,POINT (-88.13183946337942 42.01310709234269)
674,538128.0,1946385.0,-88.19311342818825,42.01045654420595,POINT (-88.19311342818825 42.01045654420595)
675,585414.0,1964034.0,-88.01888325667123,42.05854431452739,POINT (-88.01888325667123 42.05854431452739)
676,570429.0,1963368.0,-88.07407075674888,42.05685442175529,POINT (-88.07407075674888 42.05685442175529)
677,586080.0,1948716.0,-88.0166385305016,42.01650287957484,POINT (-88.0166385305016 42.01650287957484)
678,570429.0,1947717.0,-88.07424414299093,42.013905636650335,POINT (-88.07424414299093 42.013905636650335)
679,613386.0,1965033.0,-87.91589105706241,42.061010666558666,POINT (-87.91589105706241 42.061010666558666)
680,601398.0,1965033.0,-87.96003623434498,42.06116310521529,POINT (-87.96003623434498 42.06116310521529)
681,616716.0,1948716.0,-87.90393114495365,42.01618950816327,POINT (-87.90393114495365 42.01618950816327)
682,600732.0,1948383.0,-87.9627553536071,42.015481157361485,POINT (-87.9627553536071 42.015481157361485)
683,554112.0,1930401.0,-88.13443406493543,41.96650652588825,POINT (-88.13443406493543 41.96650652588825)
684,538128.0,1930401.0,-88.19320845523154,41.966593016765806,POINT (-88.19320845523154 41.966593016765806)
685,553779.0,1915083.0,-88.13578720910222,41.92447250399792,POINT (-88.13578720910222 41.92447250399792)
686,538461.0,1914417.0,-88.19207964027775,41.92272761200464,POINT (-88.19207964027775 41.92272761200464)
687,585747.0,1932066.0,-88.01808832115873,41.97081573222582,POINT (-88.01808832115873 41.97081573222582)
688,570429.0,1931400.0,-88.07442449285894,41.96912866434966,POINT (-88.07442449285894 41.96912866434966)
689,585747.0,1916082.0,-88.01830322553177,41.926952346364274,POINT (-88.01830322553177 41.926952346364274)
690,570429.0,1915083.0,-88.07460442656124,41.924351233322035,POINT (-88.07460442656124 41.924351233322035)
691,616716.0,1933065.0,-87.90422069047301,41.97324095725657,POINT (-87.90422069047301 41.97324095725657)
692,601731.0,1932066.0,-87.95934241369527,41.97069273957245,POINT (-87.95934241369527 41.97069273957245)
693,617715.0,1916415.0,-87.90085693773845,41.927536851066215,POINT (-87.90085693773845 41.927536851066215)
694,601398.0,1916082.0,-87.96082333325862,41.92683372679635,POINT (-87.96082333325862 41.92683372679635)
695,554112.0,1898433.0,-88.13470397909578,41.878778600261015,POINT (-88.13470397909578 41.878778600261015)
696,537795.0,1898433.0,-88.19462066294275,41.87886633106466,POINT (-88.19462066294275 41.87886633106466)
697,554445.0,1882449.0,-88.13361653202992,41.834912014102805,POINT (-88.13361653202992 41.834912014102805)
698,538128.0,1881783.0,-88.19349618762963,41.833172562373804,POINT (-88.19349618762963 41.833172562373804)
699,586080.0,1899099.0,-88.01730823038353,41.88034377258986,POINT (-88.01730823038353 41.88034377258986)
700,570429.0,1899099.0,-88.07478028995313,41.88048728332892,POINT (-88.07478028995313 41.88048728332892)
701,586413.0,1883448.0,-88.01629652634675,41.837390166151906,POINT (-88.01629652634675 41.837390166151906)
702,570762.0,1882449.0,-88.07374111960493,41.8347925568176,POINT (-88.07374111960493 41.8347925568176)
703,617715.0,1899765.0,-87.9011661073632,41.881846198076005,POINT (-87.9011661073632 41.881846198076005)
704,602064.0,1899765.0,-87.95863877624512,41.88204858657009,POINT (-87.95863877624512 41.88204858657009)
705,618381.0,1884780.0,-87.898999670198,41.84071505703655,POINT (-87.898999670198 41.84071505703655)
706,602397.0,1884114.0,-87.9576682768628,41.83909473796274,POINT (-87.9576682768628 41.83909473796274)
707,610056.0,1868130.0,-87.92983855215952,41.795135272349405,POINT (-87.92983855215952 41.795135272349405)
708,457209.0,2016981.0,-88.49134916975885,42.20415951260431,POINT (-88.49134916975885 42.20415951260431)
709,489177.0,2016981.0,-88.37336109239749,42.204261489062446,POINT (-88.37336109239749 42.204261489062446)
710,529137.0,2024640.0,-88.22584049135297,42.225235365472805,POINT (-88.22584049135297 42.225235365472805)
711,513153.0,2025306.0,-88.28485300513175,42.227103014658155,POINT (-88.28485300513175 42.227103014658155)
712,529470.0,2008989.0,-88.22468345097889,42.18228619540545,POINT (-88.22468345097889 42.18228619540545)
713,512820.0,2008656.0,-88.286115238104,42.181414073188414,POINT (-88.286115238104 42.181414073188414)
714,451881.0,1985679.0,-88.51077117284694,42.118234450590506,POINT (-88.51077117284694 42.118234450590506)
715,482850.0,1985679.0,-88.39662481773395,42.11835419105995,POINT (-88.39662481773395 42.11835419105995)
716,522144.0,1993005.0,-88.25176835911579,42.13844638957934,POINT (-88.25176835911579 42.13844638957934)
717,506493.0,1992339.0,-88.30947424404523,42.136645255003224,POINT (-88.30947424404523 42.136645255003224)
718,521811.0,1978686.0,-88.25304464164645,42.099153749291446,POINT (-88.25304464164645 42.099153749291446)
719,506493.0,1978686.0,-88.30948723270535,42.09917932683152,POINT (-88.30948723270535 42.09917932683152)
720,452214.0,1954044.0,-88.5093012662893,42.03142491385055,POINT (-88.5093012662893 42.03142491385055)
721,482850.0,1954710.0,-88.39653799693389,42.033369954787105,POINT (-88.39653799693389 42.033369954787105)
722,522810.0,1962036.0,-88.24942252723956,42.0534606562578,POINT (-88.24942252723956 42.0534606562578)
723,506493.0,1962369.0,-88.30950272061128,42.05440264805457,POINT (-88.30950272061128 42.05440264805457)
724,522144.0,1946385.0,-88.25192840662928,42.01051304624815,POINT (-88.25192840662928 42.01051304624815)
725,506826.0,1945386.0,-88.30829354470272,42.00779771260071,POINT (-88.30829354470272 42.00779771260071)
726,451881.0,1921743.0,-88.51027895152394,41.94278230974277,POINT (-88.51027895152394 41.94278230974277)
727,483183.0,1922742.0,-88.39522481778646,41.945643401124684,POINT (-88.39522481778646 41.945643401124684)
728,522144.0,1930068.0,-88.25198418537569,41.96573559966684,POINT (-88.25198418537569 41.96573559966684)
729,506826.0,1929402.0,-88.30830952272004,41.96393402279146,POINT (-88.30830952272004 41.96393402279146)
730,522477.0,1914084.0,-88.25081509420649,41.92187073476306,POINT (-88.25081509420649 41.92187073476306)
731,506160.0,1913751.0,-88.31077232776805,41.920984312151,POINT (-88.31077232776805 41.920984312151)
732,451881.0,1889775.0,-88.51003469313146,41.855053852451555,POINT (-88.51003469313146 41.855053852451555)
733,483516.0,1890774.0,-88.39391544705731,41.85791533754309,POINT (-88.39391544705731 41.85791533754309)
734,522477.0,1897767.0,-88.25087147511287,41.87709255985457,POINT (-88.25087147511287 41.87709255985457)
735,507159.0,1897434.0,-88.30711864153807,41.87620530127595,POINT (-88.30711864153807 41.87620530127595)
736,522477.0,1881783.0,-88.25092657874255,41.83322788167051,POINT (-88.25092657874255 41.83322788167051)
737,507159.0,1880784.0,-88.30713604380327,41.83051286251231,POINT (-88.30713604380327 41.83051286251231)
738,558108.0,2145519.0,-88.11775244063315,42.55677797652295,POINT (-88.11775244063315 42.55677797652295)
739,592740.0,2152179.0,-87.98912091058827,42.574793697752476,POINT (-87.98912091058827 42.574793697752476)
740,576090.0,2151513.0,-88.05093730176438,42.57308062626301,POINT (-88.05093730176438 42.57308062626301)
741,593073.0,2137527.0,-87.98810710807899,42.53458637246234,POINT (-87.98810710807899 42.53458637246234)
742,577422.0,2137194.0,-88.04617225882146,42.53377784214282,POINT (-88.04617225882146 42.53377784214282)
743,617715.0,2145186.0,-87.89653516191981,42.55528914709316,POINT (-87.89653516191981 42.55528914709316)
744,646353.0,2151846.0,-87.79009196023848,42.573107791137886,POINT (-87.79009196023848 42.573107791137886)
745,646020.0,2137194.0,-87.79167674070351,42.532911103063704,POINT (-87.79167674070351 42.532911103063704)
746,559107.0,2113884.0,-88.11434705662337,42.46996573685636,POINT (-88.11434705662337 42.46996573685636)
747,593406.0,2120877.0,-87.98712478650862,42.488896388777015,POINT (-87.98712478650862 42.488896388777015)
748,576756.0,2120877.0,-88.0488459861075,42.48901081934715,POINT (-88.0488459861075 42.48901081934715)
749,593406.0,2105559.0,-87.98735718067903,42.44686471784376,POINT (-87.98735718067903 42.44686471784376)
750,576756.0,2105226.0,-88.0490394673139,42.44606519618265,POINT (-88.0490394673139 42.44606519618265)
751,626373.0,2120211.0,-87.86491598895411,42.48663369432219,POINT (-87.86491598895411 42.48663369432219)
752,609723.0,2120877.0,-87.92663050076379,42.488697246768666,POINT (-87.92663050076379 42.488697246768666)
753,625707.0,2105226.0,-87.86769069260981,42.445526427158484,POINT (-87.86769069260981 42.445526427158484)
754,609057.0,2105559.0,-87.92937084095823,42.44667460223628,POINT (-87.92937084095823 42.44667460223628)
755,646353.0,2121210.0,-87.79082163593289,42.489047600605446,POINT (-87.79082163593289 42.489047600605446)
756,643689.0,2105559.0,-87.80106290293622,42.44614965495074,POINT (-87.80106290293622 42.44614965495074)
757,558441.0,2081583.0,-88.11711821803023,42.381336980592174,POINT (-88.11711821803023 42.381336980592174)
758,593073.0,2089242.0,-87.98883708108377,42.40209523046503,POINT (-87.98883708108377 42.40209523046503)
759,577089.0,2089242.0,-88.04800372315238,42.4022024407869,POINT (-88.04800372315238 42.4022024407869)
760,593073.0,2072259.0,-87.989092707826,42.355494169077,POINT (-87.989092707826 42.355494169077)
761,577089.0,2073258.0,-88.04820129961658,42.358342406123846,POINT (-88.04820129961658 42.358342406123846)
762,625374.0,2088909.0,-87.86925565147622,42.400758869869435,POINT (-87.86925565147622 42.400758869869435)
763,609390.0,2088576.0,-87.92843802488133,42.40006985525435,POINT (-87.92843802488133 42.40006985525435)
764,625707.0,2073924.0,-87.86832718709547,42.3596358947276,POINT (-87.86832718709547 42.3596358947276)
765,609057.0,2072925.0,-87.92994674163572,42.35712842058495,POINT (-87.92994674163572 42.35712842058495)
766,641691.0,2088909.0,-87.80884707178154,42.40049796068873,POINT (-87.80884707178154 42.40049796068873)
767,643689.0,2072259.0,-87.80183654516628,42.35477762872584,POINT (-87.80183654516628 42.35477762872584)
768,558441.0,2049615.0,-88.1174164234627,42.29361592300479,POINT (-88.1174164234627 42.29361592300479)
769,592740.0,2056941.0,-87.99055388491955,42.31346520112926,POINT (-87.99055388491955 42.31346520112926)
770,577089.0,2057274.0,-88.04839843304272,42.31448203061761,POINT (-88.04839843304272 42.31448203061761)
771,593406.0,2041290.0,-87.98832692280091,42.27051105542747,POINT (-87.98832692280091 42.27051105542747)
772,577089.0,2040291.0,-88.04860740315911,42.267880008230726,POINT (-88.04860740315911 42.267880008230726)
773,626040.0,2056941.0,-87.86744023331278,42.313030158178336,POINT (-87.86744023331278 42.313030158178336)
774,609390.0,2057274.0,-87.92899085300773,42.31417795312601,POINT (-87.92899085300773 42.31417795312601)
775,625707.0,2041623.0,-87.86898106314636,42.27100279453209,POINT (-87.86898106314636 42.27100279453209)
776,609390.0,2041623.0,-87.9292663342949,42.27123150287234,POINT (-87.9292663342949 42.27123150287234)
777,645687.0,2056275.0,-87.79482020497416,42.310884020921954,POINT (-87.79482020497416 42.310884020921954)
778,657675.0,2041623.0,-87.75087339275761,42.27046286129896,POINT (-87.75087339275761 42.27046286129896)
779,641691.0,2040624.0,-87.80994955879049,42.26800680231652,POINT (-87.80994955879049 42.26800680231652)
780,424575.0,2145186.0,-88.61336300586458,42.55572259797932,POINT (-88.61336300586458 42.55572259797932)
781,456876.0,2144853.0,-88.4934773701373,42.555039783801725,POINT (-88.4934773701373 42.555039783801725)
782,488511.0,2144187.0,-88.37606412561375,42.55331687390163,POINT (-88.37606412561375 42.55331687390163)
783,521145.0,2144520.0,-88.25494685153069,42.55421189446109,POINT (-88.25494685153069 42.55421189446109)
784,542457.0,2145519.0,-88.1758421763442,42.55687215885961,POINT (-88.1758421763442 42.55687215885961)
785,424575.0,2113884.0,-88.61297861317085,42.46983269595392,POINT (-88.61297861317085 42.46983269595392)
786,456543.0,2113884.0,-88.49449342088593,42.470061242860645,POINT (-88.49449342088593 42.470061242860645)
787,488511.0,2113884.0,-88.3760067226094,42.47016648711399,POINT (-88.3760067226094 42.47016648711399)
788,529137.0,2120544.0,-88.22539839013476,42.48839845055616,POINT (-88.22539839013476 42.48839845055616)
789,513153.0,2120877.0,-88.28465869606573,42.48935259474693,POINT (-88.28465869606573 42.48935259474693)
790,529137.0,2105559.0,-88.2254678657587,42.44728003620032,POINT (-88.2254678657587 42.44728003620032)
791,513153.0,2105226.0,-88.28469069711035,42.446406644570715,POINT (-88.28469069711035 42.446406644570715)
792,542457.0,2113884.0,-88.1760592975071,42.470066748847664,POINT (-88.1760592975071 42.470066748847664)
793,424908.0,2082249.0,-88.61135804609337,42.38303045824751,POINT (-88.61135804609337 42.38303045824751)
794,456543.0,2081916.0,-88.4942659744642,42.382341338204235,POINT (-88.4942659744642 42.382341338204235)
795,488844.0,2081583.0,-88.37471139997109,42.381533058840375,POINT (-88.37471139997109 42.381533058840375)
796,529137.0,2089242.0,-88.22554334872815,42.4025063112869,POINT (-88.22554334872815 42.4025063112869)
797,512487.0,2088576.0,-88.2871904118288,42.40072012439582,POINT (-88.2871904118288 42.40072012439582)
798,529470.0,2073258.0,-88.22438505921342,42.35864483012611,POINT (-88.22438505921342 42.35864483012611)
799,512820.0,2071926.0,-88.2859905234246,42.3550317108142,POINT (-88.2859905234246 42.3550317108142)
800,542457.0,2082249.0,-88.17627388054089,42.3832606489719,POINT (-88.17627388054089 42.3832606489719)
801,424575.0,2050281.0,-88.61220014738213,42.29530712012841,POINT (-88.61220014738213 42.29530712012841)
802,456876.0,2050281.0,-88.49281106646346,42.29553556038487,POINT (-88.49281106646346 42.29553556038487)
803,488844.0,2050281.0,-88.3746524555912,42.29563910613027,POINT (-88.3746524555912 42.29563910613027)
804,528804.0,2056941.0,-88.22692344534944,42.313872712456664,POINT (-88.22692344534944 42.313872712456664)
805,513153.0,2056608.0,-88.28478964102874,42.312997993122046,POINT (-88.28478964102874 42.312997993122046)
806,529137.0,2040291.0,-88.22576874966732,42.26818300773952,POINT (-88.22576874966732 42.26818300773952)
807,512820.0,2040291.0,-88.28605297901558,42.26822366286753,POINT (-88.28605297901558 42.26822366286753)
808,542457.0,2049615.0,-88.17649423687553,42.29371190610704,POINT (-88.17649423687553 42.29371190610704)
809,554445.0,1866132.0,-88.13375437847351,41.79013334979937,POINT (-88.13375437847351 41.79013334979937)
810,538461.0,1866132.0,-88.19236729042636,41.790219985735405,POINT (-88.19236729042636 41.790219985735405)
811,554445.0,1849815.0,-88.13389191667282,41.74535430458214,POINT (-88.13389191667282 41.74535430458214)
812,538794.0,1849815.0,-88.19124381441574,41.74543932058955,POINT (-88.19124381441574 41.74543932058955)
813,587079.0,1867464.0,-88.01406905680093,41.7935193317194,POINT (-88.01406905680093 41.7935193317194)
814,570429.0,1866465.0,-88.07513780648398,41.79093096401584,POINT (-88.07513780648398 41.79093096401584)
815,587412.0,1850814.0,-88.01307393928619,41.74782351391322,POINT (-88.01307393928619 41.74782351391322)
816,571428.0,1850481.0,-88.07165155417027,41.74705771585147,POINT (-88.07165155417027 41.74705771585147)
817,555111.0,1833831.0,-88.13158755493093,41.7014843051343,POINT (-88.13158755493093 41.7014843051343)
818,539460.0,1832832.0,-88.18890657350542,41.6988287854256,POINT (-88.18890657350542 41.6988287854256)
819,555111.0,1817514.0,-88.13172621633862,41.656704337852766,POINT (-88.13172621633862 41.656704337852766)
820,540126.0,1817514.0,-88.18656234218851,41.65678724107984,POINT (-88.18656234218851 41.65678724107984)
821,588078.0,1834830.0,-88.01085160388538,41.70395132677225,POINT (-88.01085160388538 41.70395132677225)
822,571761.0,1834497.0,-88.07060890262677,41.70318933782126,POINT (-88.07060890262677 41.70318933782126)
823,588078.0,1818846.0,-88.01106935299146,41.66008561638098,POINT (-88.01106935299146 41.66008561638098)
824,572094.0,1818180.0,-88.06957121593778,41.65840673735937,POINT (-88.06957121593778 41.65840673735937)
825,619713.0,1836162.0,-87.89502394020776,41.70727669122549,POINT (-87.89502394020776 41.70727669122549)
826,604062.0,1835829.0,-87.95234624962194,41.70656767084012,POINT (-87.95234624962194 41.70656767084012)
827,620046.0,1819512.0,-87.89411632545237,41.66157956780813,POINT (-87.89411632545237 41.66157956780813)
828,604062.0,1818846.0,-87.9526221241045,41.65996102362607,POINT (-87.9526221241045 41.65996102362607)
829,556443.0,1801530.0,-88.12699072993661,41.61282928138789,POINT (-88.12699072993661 41.61282928138789)
830,540459.0,1800864.0,-88.18544712643728,41.61109135016072,POINT (-88.18544712643728 41.61109135016072)
831,556776.0,1785879.0,-88.12590941492715,41.56987422972678,POINT (-88.12590941492715 41.56987422972678)
832,540459.0,1785213.0,-88.18554407193837,41.568138341116274,POINT (-88.18554407193837 41.568138341116274)
833,588411.0,1802862.0,-88.01006881273102,41.61621615235423,POINT (-88.01006881273102 41.61621615235423)
834,572427.0,1801530.0,-88.06853851583027,41.61270989311429,POINT (-88.06853851583027 41.61270989311429)
835,589077.0,1786212.0,-88.00786157905861,41.570515138003834,POINT (-88.00786157905861 41.570515138003834)
836,573093.0,1786212.0,-88.06627525438631,41.57066542632053,POINT (-88.06627525438631 41.57066542632053)
837,620379.0,1803861.0,-87.89319098215027,41.618623738099025,POINT (-87.89319098215027 41.618623738099025)
838,605061.0,1803195.0,-87.9492223375904,41.616997357572394,POINT (-87.9492223375904 41.616997357572394)
839,621045.0,1787544.0,-87.89106212586518,41.57383516696522,POINT (-87.89106212586518 41.57383516696522)
840,605061.0,1787211.0,-87.94948330530207,41.57313169379663,POINT (-87.94948330530207 41.57313169379663)
841,653013.0,1804194.0,-87.77383721425818,41.61901759632553,POINT (-87.77383721425818 41.61901759632553)
842,637029.0,1804194.0,-87.83229276007154,41.61928777063558,POINT (-87.83229276007154 41.61928777063558)
843,654012.0,1788210.0,-87.77056592769006,41.57513519434798,POINT (-87.77056592769006 41.57513519434798)
844,637029.0,1788210.0,-87.83263288510673,41.57542280706271,POINT (-87.83263288510673 41.57542280706271)
845,549783.0,1762236.0,-88.15164537551713,41.505030451833754,POINT (-88.15164537551713 41.505030451833754)
846,581418.0,1763568.0,-88.03613440617669,41.50844606149234,POINT (-88.03613440617669 41.50844606149234)
847,614385.0,1763901.0,-87.91582105586765,41.5090414653326,POINT (-87.91582105586765 41.5090414653326)
848,647019.0,1764234.0,-87.79666866513602,41.50945997083286,POINT (-87.79666866513602 41.50945997083286)
849,678987.0,1764900.0,-87.67993847786158,41.51068272880398,POINT (-87.67993847786158 41.51068272880398)
850,718281.0,1772226.0,-87.53623453718333,41.529880757343584,POINT (-87.53623453718333 41.529880757343584)
851,702630.0,1772559.0,-87.59338060200044,41.53117709070422,POINT (-87.59338060200044 41.53117709070422)
852,718614.0,1756908.0,-87.53553561501909,41.48783685432497,POINT (-87.53553561501909 41.48783685432497)
853,702297.0,1756908.0,-87.59508579492108,41.48823506174204,POINT (-87.59508579492108 41.48823506174204)
854,731268.0,1765566.0,-87.48904564783591,41.51126575526909,POINT (-87.48904564783591 41.51126575526909)
855,550782.0,1730268.0,-88.14824648510834,41.417288983548964,POINT (-88.14824648510834 41.417288983548964)
856,582417.0,1731267.0,-88.03289488813923,41.41978759168092,POINT (-88.03289488813923 41.41978759168092)
857,615051.0,1732266.0,-87.91395133791464,41.42221353377419,POINT (-87.91395133791464 41.42221353377419)
858,647352.0,1733265.0,-87.7961567115878,41.42446445747574,POINT (-87.7961567115878 41.42446445747574)
859,679986.0,1733598.0,-87.6771596769544,41.42476008581066,POINT (-87.6771596769544 41.42476008581066)
860,711288.0,1733598.0,-87.56303084509227,41.42405145064819,POINT (-87.56303084509227 41.42405145064819)
861,731268.0,1734264.0,-87.49016121803015,41.42536758026484,POINT (-87.49016121803015 41.42536758026484)
862,551448.0,1697967.0,-88.14607140485893,41.32863410935439,POINT (-88.14607140485893 41.32863410935439)
863,583749.0,1698966.0,-88.02845100673655,41.33112444744973,POINT (-88.02845100673655 41.33112444744973)
864,451881.0,1855809.0,-88.50977634395558,41.76184087719971,POINT (-88.50977634395558 41.76184087719971)
865,482517.0,1858806.0,-88.39749268433816,41.77018327089172,POINT (-88.39749268433816 41.77018327089172)
866,515151.0,1857141.0,-88.27786533467307,41.76561858277449,POINT (-88.27786533467307 41.76561858277449)
867,452547.0,1822842.0,-88.50708966215173,41.67137132776264,POINT (-88.50708966215173 41.67137132776264)
868,484182.0,1825173.0,-88.3913040580001,41.677885306341615,POINT (-88.3913040580001 41.677885306341615)
869,516816.0,1824174.0,-88.27184632978643,41.675141939246274,POINT (-88.27184632978643 41.675141939246274)
870,453213.0,1790874.0,-88.50441831363571,41.58364188236339,POINT (-88.50441831363571 41.58364188236339)
871,485181.0,1791207.0,-88.38756705579107,41.584670363142585,POINT (-88.38756705579107 41.584670363142585)
872,517482.0,1792206.0,-88.26949311075823,41.58740722862908,POINT (-88.26949311075823 41.58740722862908)
873,453879.0,1758906.0,-88.5017546147818,41.49591102343049,POINT (-88.5017546147818 41.49591102343049)
874,485514.0,1758906.0,-88.38627572468181,41.496022235514786,POINT (-88.38627572468181 41.496022235514786)
875,517149.0,1761237.0,-88.27079043106966,41.50241488490455,POINT (-88.27079043106966 41.50241488490455)
876,455877.0,1726938.0,-88.49424307386265,41.408186030942936,POINT (-88.49424307386265 41.408186030942936)
877,487512.0,1724940.0,-88.37891587478791,41.402805925795846,POINT (-88.37891587478791 41.402805925795846)
878,518481.0,1729935.0,-88.26601566201859,41.41650407203014,POINT (-88.26601566201859 41.41650407203014)
879,455544.0,1693305.0,-88.49522676400694,41.315877872578604,POINT (-88.49522676400694 41.315877872578604)
880,487512.0,1693638.0,-88.37885492914528,41.316896455928855,POINT (-88.37885492914528 41.316896455928855)
881,519480.0,1695969.0,-88.26247368428926,41.32328102112388,POINT (-88.26247368428926 41.32328102112388)
882,455544.0,1661004.0,-88.49500611451353,41.22722527179305,POINT (-88.49500611451353 41.22722527179305)
883,487179.0,1661670.0,-88.38000310902238,41.22915700280255,POINT (-88.38000310902238 41.22915700280255)
884,520146.0,1662669.0,-88.26014985139747,41.231884840575745,POINT (-88.26014985139747 41.231884840575745)
885,616050.0,1698300.0,-87.91091448548845,41.32898248358381,POINT (-87.91091448548845 41.32898248358381)
886,650016.0,1698300.0,-87.78724865102777,41.328460975824534,POINT (-87.78724865102777 41.328460975824534)
887,681318.0,1698300.0,-87.67328537895473,41.32786273614288,POINT (-87.67328537895473 41.32786273614288)
888,717282.0,1699965.0,-87.5422981985989,41.33160533596102,POINT (-87.5422981985989 41.33160533596102)
889,552447.0,1663668.0,-88.14270661039029,41.2344920252925,POINT (-88.14270661039029 41.2344920252925)
890,584415.0,1664334.0,-88.02646987235343,41.236068635257524,POINT (-88.02646987235343 41.236068635257524)
891,616050.0,1651347.0,-87.9117473310053,41.20012022959786,POINT (-87.9117473310053 41.20012022959786)
892,640026.0,1668996.0,-87.82424820211905,41.24820480122121,POINT (-87.82424820211905 41.24820480122121)
893,681984.0,1666665.0,-87.6717404002715,41.24103040141834,POINT (-87.6717404002715 41.24103040141834)
894,717948.0,1668330.0,-87.5409267712302,41.24477280040263,POINT (-87.5409267712302 41.24477280040263)
895,549783.0,1624707.0,-88.15268371084011,41.127573847978724,POINT (-88.15268371084011 41.127573847978724)
896,584082.0,1626705.0,-88.02815823652708,41.13279511590745,POINT (-88.02815823652708 41.13279511590745)
897,641025.0,1645686.0,-87.82111644345652,41.18421474952606,POINT (-87.82111644345652 41.18421474952606)
898,664002.0,1637694.0,-87.73784481186723,41.16187865224284,POINT (-87.73784481186723 41.16187865224284)
899,625707.0,1620045.0,-87.87725442171202,41.11407666619925,POINT (-87.87725442171202 41.11407666619925)
900,683649.0,1621377.0,-87.66695099485618,41.116705855396205,POINT (-87.66695099485618 41.116705855396205)
901,718614.0,1629702.0,-87.53978924944934,41.13874762998752,POINT (-87.53978924944934 41.13874762998752)
902,748251.0,1831500.0,-87.42450545227767,41.6917205089832,POINT (-87.42450545227767 41.6917205089832)
903,781218.0,1824174.0,-87.30413917259645,41.67059953140174,POINT (-87.30413917259645 41.67059953140174)
904,808191.0,1810521.0,-87.2060850631049,41.632210427335174,POINT (-87.2060850631049 41.632210427335174)
905,751914.0,1782882.0,-87.41299771007633,41.558203617865686,POINT (-87.41299771007633 41.558203617865686)
906,794205.0,1782549.0,-87.25851282843618,41.55594796684377,POINT (-87.25851282843618 41.55594796684377)
907,749583.0,1751913.0,-87.42270754260161,41.4732894143263,POINT (-87.42270754260161 41.4732894143263)
908,780219.0,1752912.0,-87.31088786695052,41.47509038512154,POINT (-87.31088786695052 41.47509038512154)
909,811854.0,1752912.0,-87.19546756262879,41.4740053411892,POINT (-87.19546756262879 41.4740053411892)
910,751248.0,1703295.0,-87.41850909343228,41.339825900325465,POINT (-87.41850909343228 41.339825900325465)
911,776889.0,1704294.0,-87.32510572927559,41.341786349440575,POINT (-87.32510572927559 41.341786349440575)
912,805527.0,1717281.0,-87.22022453936493,41.376461013739274,POINT (-87.22022453936493 41.376461013739274)
913,413586.0,1936728.0,-88.65124402623292,41.9836024556185,POINT (-88.65124402623292 41.9836024556185)
914,386946.0,2094570.0,-88.75208891329726,42.416410937732785,POINT (-88.75208891329726 42.416410937732785)
915,405594.0,2176488.0,-88.6842910532895,42.641416674472325,POINT (-88.6842910532895 42.641416674472325)
916,437562.0,2176488.0,-88.56548138161595,42.64171993416977,POINT (-88.56548138161595 42.64171993416977)
917,469197.0,2176488.0,-88.4479073835315,42.64189865324728,POINT (-88.4479073835315 42.64189865324728)
918,502497.0,2176155.0,-88.32414402762178,42.6410425818676,POINT (-88.32414402762178 42.6410425818676)
919,535131.0,2176155.0,-88.2028575629653,42.6409695248443,POINT (-88.2028575629653 42.6409695248443)
920,566433.0,2176155.0,-88.08652224773193,42.64077904279327,POINT (-88.08652224773193 42.64077904279327)
921,599067.0,2176488.0,-87.96523787518245,42.64142119518567,POINT (-87.96523787518245 42.64142119518567)
922,634365.0,2176488.0,-87.83405475330575,42.640923659667436,POINT (-87.83405475330575 42.640923659667436)
923,615051.0,2229768.0,-87.9048263869749,42.787403908696184,POINT (-87.9048263869749 42.787403908696184)
924,522810.0,2221110.0,-88.24848100574896,42.76436357090435,POINT (-88.24848100574896 42.76436357090435)
925,356976.0,2064600.0,-88.86237763560449,42.33371686686999,POINT (-88.86237763560449 42.33371686686999)
926,387612.0,1936395.0,-88.74676975941097,41.98238538830265,POINT (-88.74676975941097 41.98238538830265)
927,409590.0,1736928.0,-88.6631141008478,41.435243971210355,POINT (-88.6631141008478 41.435243971210355)
928,393606.0,1645686.0,-88.71992095002176,41.184648114515504,POINT (-88.71992095002176 41.184648114515504)
929,454545.0,1623708.0,-88.49837682498796,41.124855203232045,POINT (-88.49837682498796 41.124855203232045)
930,625041.0,1589409.0,-87.88025126177799,41.03000341025946,POINT (-87.88025126177799 41.03000341025946)
931,804861.0,1659339.0,-87.22534911085346,41.2174891923859,POINT (-87.22534911085346 41.2174891923859)
932,842823.0,1783548.0,-87.0808621999007,41.55688995993232,POINT (-87.0808621999007 41.55688995993232)
933,826173.0,1823508.0,-87.13966178845733,41.66717966187413,POINT (-87.13966178845733 41.66717966187413)
